DENGUE - Notificações registradas no Sistema de Informação de Agravos de Notificação - São Paulo;;;;;;;;;;;;;;
Casos Prováveis por Município infecção e Mês 1º Sintoma(s);;;;;;;;;;;;;;
Período:2015;;;;;;;;;;;;;;
Município infecção;Ign/Em Branco;Jan;Fev;Mar;Abr;Mai;Jun;Jul;Ago;Set;Out;Nov;Dez;Total
110015 Ouro Preto do Oeste;-;-;-;-;-;-;-;-;-;-;-;-;1;1
110020 Porto Velho;-;-;-;1;-;-;-;-;-;-;1;-;2;4
110032 São Miguel do Guaporé;-;-;-;1;-;-;-;-;-;-;-;-;-;1
130260 Manaus;-;1;-;-;-;-;-;-;-;-;-;-;-;1
150140 Belém;-;-;-;-;-;-;-;-;1;-;-;1;-;2
150635 Santa Bárbara do Pará;-;-;-;-;-;-;-;1;-;-;-;-;-;1
150812 Ulianópolis;-;-;-;-;-;-;-;1;-;-;-;-;-;1
170070 Alvorada;-;-;-;-;-;-;-;-;-;-;-;2;-;2
170290 Axixá do Tocantins;-;1;-;-;-;-;-;-;-;-;-;-;-;1
172100 Palmas;-;-;1;-;-;-;-;-;1;-;-;-;-;2
210040 Altamira do Maranhão;-;-;-;-;-;-;-;-;-;-;1;-;-;1
210250 Cajari;-;-;-;-;-;-;1;-;-;-;-;-;-;1
210780 Parnarama;-;-;1;-;-;-;-;-;-;-;-;-;-;1
210955 Ribamar Fiquene;-;-;-;-;-;-;-;1;-;-;-;-;-;1
211130 São Luís;-;-;1;-;-;-;-;-;1;-;-;-;-;2
211140 São Luís Gonzaga do Maranhão;-;-;-;-;-;-;1;-;-;-;-;-;-;1
211220 Timon;-;-;1;-;-;-;-;-;-;-;-;-;-;1
220115 Baixa Grande do Ribeiro;-;1;-;-;-;-;-;-;-;-;-;-;-;1
220525 Jardim do Mulato;-;-;-;-;-;1;-;-;-;-;-;-;-;1
220700 Oeiras;-;-;-;-;-;-;-;-;1;-;-;-;-;1
221060 São Raimundo Nonato;-;-;1;-;-;-;-;-;-;-;-;-;-;1
221100 Teresina;-;1;-;1;-;-;1;-;-;-;-;-;-;3
230030 Acopiara;-;-;-;1;-;-;-;-;-;-;-;-;-;1
230060 Altaneira;-;-;1;-;-;-;-;-;-;-;-;-;-;1
230190 Barbalha;-;-;-;-;-;-;1;-;-;-;-;-;-;1
230410 Crateús;-;-;-;-;-;1;-;-;-;-;-;-;-;1
230440 Fortaleza;-;-;4;7;1;3;3;1;1;-;-;-;-;20
230460 General Sampaio;-;-;-;-;-;-;-;1;-;-;-;-;-;1
230550 Iguatu;-;-;1;-;-;-;-;-;1;-;-;-;-;2
230580 Ipu;-;-;-;1;-;-;-;-;-;-;-;-;-;1
230640 Itapipoca;-;-;-;-;-;-;-;-;-;-;-;1;-;1
230730 Juazeiro do Norte;-;-;1;-;-;-;1;-;-;-;-;-;-;2
230765 Maracanaú;-;-;-;-;-;1;-;-;-;-;-;-;-;1
230810 Mauriti;-;-;-;-;-;-;-;1;-;-;-;-;-;1
230900 Mucambo;-;-;-;-;-;-;-;-;1;-;-;-;-;1
231126 Quiterianópolis;-;-;-;-;-;-;1;-;-;-;-;-;-;1
231140 Quixeramobim;-;-;1;-;-;-;-;-;-;-;-;-;-;1
231290 Sobral;-;-;-;-;-;-;-;-;1;-;-;-;-;1
231350 Trairi;-;-;2;-;-;-;-;-;-;-;-;-;-;2
231410 Viçosa do Ceará;-;-;-;1;-;-;-;1;-;-;-;-;-;2
240570 Jardim do Seridó;-;-;-;-;-;-;1;-;-;-;-;-;-;1
240650 Lagoa Nova;-;-;-;-;-;1;-;-;-;-;-;-;-;1
240810 Natal;-;-;3;-;5;-;-;2;-;-;-;-;-;10
250010 Água Branca;-;-;-;-;-;-;-;-;1;-;-;-;-;1
250370 Cajazeiras;-;1;-;-;-;-;-;-;-;-;-;-;-;1
250660 Ibiara;-;-;-;-;-;-;-;1;-;-;-;-;-;1
250700 Itaporanga;-;-;-;-;-;-;-;-;1;-;-;-;-;1
250750 João Pessoa;-;2;3;-;3;1;-;1;-;-;-;1;-;11
250900 Manaíra;-;-;-;-;-;-;-;-;-;-;-;-;1;1
251080 Patos;-;-;-;-;-;1;-;-;-;-;-;-;-;1
251130 Piancó;-;-;-;-;-;-;-;2;-;-;-;-;-;2
251450 São José de Piranhas;-;-;-;-;-;-;-;-;1;-;-;-;-;1
251540 São Vicente do Seridó;-;-;-;-;-;-;-;1;-;-;-;-;-;1
251550 Serra Branca;-;-;-;-;-;-;-;2;-;-;-;-;-;2
251620 Sousa;-;-;-;-;1;-;-;-;-;-;-;-;-;1
260050 Águas Belas;-;-;1;-;-;-;-;-;-;-;-;-;-;1
260120 Arcoverde;-;-;-;-;-;-;-;-;-;-;-;1;-;1
260170 Belo Jardim;-;-;-;1;1;-;-;-;-;-;-;-;-;2
260220 Bom Jardim;-;-;-;-;1;-;-;-;-;-;-;-;-;1
260410 Caruaru;-;-;-;1;2;1;-;-;-;-;-;1;1;6
260430 Cedro;-;-;-;-;-;-;-;-;-;-;1;-;-;1
260510 Custódia;-;-;-;-;-;-;-;-;-;-;-;-;1;1
260530 Exu;-;-;-;-;-;-;-;-;1;-;-;-;-;1
260540 Feira Nova;-;-;-;-;-;-;-;-;-;-;-;-;1;1
260545 Fernando de Noronha;-;-;-;1;-;-;-;-;-;-;-;-;-;1
260600 Garanhuns;-;-;-;1;-;-;-;-;-;-;-;-;-;1
260620 Goiana;-;-;-;-;-;-;1;-;-;-;-;-;-;1
260720 Ipojuca;-;-;-;-;-;-;1;-;-;1;-;1;-;3
260770 Itapetim;-;-;-;-;-;-;-;-;-;-;-;-;1;1
260810 João Alfredo;-;-;-;-;-;-;-;-;-;-;-;1;-;1
260880 Lajedo;-;-;-;-;-;-;-;-;1;-;-;-;-;1
260960 Olinda;-;-;-;1;-;-;-;-;-;-;-;-;-;1
261090 Pesqueira;-;1;-;-;-;-;-;-;-;-;-;1;1;3
261160 Recife;-;5;4;4;4;2;-;1;-;1;-;-;1;22
261240 Sanharó;-;-;-;-;-;-;-;-;-;-;-;1;-;1
261300 São Bento do Una;-;-;-;-;-;-;1;-;-;-;-;-;1;2
261460 Tabira;-;-;-;-;-;-;-;1;-;-;-;-;-;1
261540 Toritama;-;-;-;-;-;-;1;-;-;-;-;-;-;1
261600 Venturosa;-;-;-;-;-;1;-;-;-;-;-;-;1;2
261620 Vertentes;-;-;-;1;-;-;-;-;-;-;-;-;-;1
261640 Vitória de Santo Antão;-;-;-;-;-;-;-;-;-;-;1;-;-;1
270030 Arapiraca;-;1;-;-;-;1;-;3;2;1;-;1;-;9
270320 Igreja Nova;-;-;-;1;-;-;-;-;-;-;-;-;-;1
270330 Inhapi;-;-;-;-;-;-;-;-;-;-;1;-;-;1
270430 Maceió;-;1;1;3;2;1;-;4;3;-;-;-;1;16
270440 Major Isidoro;-;-;-;1;-;-;-;-;-;-;-;-;-;1
270630 Palmeira dos Índios;-;-;-;-;-;-;-;-;-;-;-;2;-;2
270800 Santana do Ipanema;-;-;-;-;-;-;-;-;-;-;-;-;1;1
270860 São Miguel dos Campos;-;1;-;-;-;-;-;-;-;-;-;-;-;1
270880 São Sebastião;-;1;-;-;-;-;-;-;-;-;-;-;-;1
270930 União dos Palmares;-;-;1;-;-;-;-;-;-;-;-;-;-;1
280030 Aracaju;-;-;1;-;-;-;-;1;1;-;-;-;-;3
280290 Itabaiana;-;-;-;-;-;-;-;-;-;-;-;-;1;1
280300 Itabaianinha;-;-;1;-;-;-;-;-;-;-;-;-;-;1
280350 Lagarto;-;-;-;-;-;-;-;-;1;-;-;-;-;1
280460 Nossa Senhora das Dores;-;-;-;-;-;-;-;-;-;-;1;-;-;1
290070 Alagoinhas;-;-;1;-;-;-;-;-;-;-;-;-;-;1
290190 Aporá;-;-;-;1;-;-;-;-;-;-;-;-;-;1
290320 Barreiras;-;1;-;-;-;-;-;-;-;-;-;-;-;1
290410 Boquira;-;-;-;-;-;-;1;1;-;-;-;-;-;2
290420 Botuporã;-;-;-;-;-;-;-;1;-;-;-;-;-;1
290460 Brumado;-;-;1;-;-;-;-;-;-;-;-;-;-;1
290470 Buerarema;-;-;-;-;2;-;-;-;-;-;-;-;-;2
290520 Caetité;-;-;-;1;-;-;-;-;-;-;-;-;-;1
290540 Cairu;-;-;-;-;-;-;-;1;-;-;-;-;-;1
290980 Cruz das Almas;-;-;-;-;-;-;-;1;-;-;-;-;-;1
291060 Esplanada;-;-;-;-;-;-;-;1;-;-;-;-;-;1
291070 Euclides da Cunha;-;1;1;-;-;-;-;1;-;-;-;-;-;3
291080 Feira de Santana;-;1;1;1;-;1;-;2;-;-;-;-;1;7
291185 Heliópolis;-;-;-;-;-;1;-;-;-;-;-;-;-;1
291360 Ilhéus;-;1;1;1;-;2;1;-;-;-;-;-;-;6
291400 Ipirá;-;-;-;-;-;1;-;2;2;-;-;-;-;5
291470 Itaberaba;-;-;-;-;-;-;-;2;-;-;-;-;-;2
291480 Itabuna;-;-;-;-;-;1;-;-;-;-;-;-;-;1
291535 Itaguaçu da Bahia;-;-;-;-;1;-;-;-;-;-;-;-;-;1
291570 Itamari;-;-;1;-;-;-;-;-;-;-;-;-;-;1
291680 Itarantim;-;1;-;-;-;-;-;-;-;-;-;-;-;1
291800 Jequié;-;3;-;-;-;-;-;-;-;-;-;-;-;3
291980 Macaúbas;-;4;1;-;-;-;-;1;-;-;-;-;-;6
292130 Milagres;-;-;-;-;-;1;-;-;-;-;-;-;-;1
292150 Monte Santo;-;-;1;-;-;-;-;2;-;-;-;-;-;3
292340 Palmas de Monte Alto;-;-;-;1;-;-;-;-;-;-;-;-;-;1
292360 Paramirim;-;-;-;-;2;-;-;-;-;-;-;-;-;2
292450 Pindaí;-;1;-;-;-;-;-;-;-;-;-;-;-;1
292530 Porto Seguro;-;1;-;1;1;3;1;-;1;-;-;-;-;8
292690 Rio do Pires;-;2;-;-;-;-;-;-;-;-;-;-;-;2
292740 Salvador;-;2;4;5;1;-;2;1;1;2;1;2;1;22
293015 Serra do Ramalho;-;-;-;-;-;-;-;2;-;-;-;-;-;2
293135 Teixeira de Freitas;-;-;1;-;-;-;-;1;-;-;-;-;-;2
293230 Ubatã;-;-;-;-;-;-;1;-;-;-;-;-;-;1
293330 Vitória da Conquista;-;-;-;-;1;-;-;-;-;-;-;-;-;1
293360 Xique-Xique;-;1;-;-;-;-;-;1;-;-;-;-;-;2
310150 Além Paraíba;-;-;-;-;1;-;-;-;-;-;-;-;-;1
310160 Alfenas;-;-;-;-;-;3;-;1;-;-;-;-;-;4
310260 Andradas;-;-;1;-;1;-;-;-;-;-;-;-;-;2
310375 Araporã;-;-;1;-;-;-;-;-;-;-;-;-;-;1
310400 Araxá;-;-;1;-;-;-;-;-;-;-;-;-;-;1
310420 Arcos;-;-;-;2;-;-;-;-;-;-;-;-;-;2
310430 Areado;-;-;-;-;-;-;-;1;-;-;-;-;-;1
310490 Baependi;-;-;-;1;-;-;-;-;-;-;-;-;-;1
310560 Barbacena;-;-;-;-;-;-;-;-;-;-;1;-;-;1
310620 Belo Horizonte;-;4;2;5;5;3;-;-;-;-;-;-;1;20
310650 Berilo;-;-;-;-;-;-;1;-;-;-;-;-;-;1
310670 Betim;-;1;-;1;1;-;-;-;-;-;-;-;-;3
310710 Boa Esperança;-;-;-;-;-;1;-;-;-;-;-;-;-;1
310890 Brazópolis;-;-;-;1;-;-;-;-;-;-;-;-;-;1
310910 Bueno Brandão;-;-;1;-;-;-;-;-;-;-;-;-;-;1
310970 Cachoeira de Minas;-;-;-;-;1;-;-;-;-;-;-;-;-;1
311050 Camanducaia;-;-;1;1;-;-;-;-;-;-;-;-;-;2
311060 Cambuí;-;-;-;-;2;1;-;-;-;-;-;-;-;3
311070 Cambuquira;-;8;1;-;-;-;-;-;-;-;-;-;-;9
311130 Campo do Meio;-;-;-;-;-;-;-;-;-;-;1;-;-;1
311200 Candeias;-;1;-;-;-;-;-;-;-;-;-;-;-;1
311240 Capetinga;-;-;-;-;-;1;-;-;-;-;-;-;-;1
311400 Carmo da Mata;-;-;-;-;1;-;-;-;-;-;-;-;-;1
311430 Carmo do Paranaíba;-;-;-;-;-;1;-;-;-;-;-;-;-;1
311455 Carneirinho;-;2;1;-;-;-;-;-;-;-;-;-;-;3
311510 Cássia;-;-;1;-;1;1;-;-;-;-;-;-;-;3
311530 Cataguases;-;-;-;-;-;1;-;-;-;-;-;-;-;1
311640 Claraval;-;-;-;-;-;1;-;-;-;-;-;-;1;2
311730 Conceição das Alagoas;-;-;-;-;2;-;-;-;-;-;-;-;-;2
311770 Conceição do Rio Verde;-;-;-;-;-;1;-;-;-;-;-;-;-;1
311780 Conceição dos Ouros;-;-;-;1;1;2;-;-;-;-;-;-;-;4
311790 Congonhal;-;1;-;-;-;-;-;-;-;-;-;-;-;1
311860 Contagem;-;-;-;-;-;-;-;-;1;-;-;-;-;1
312120 Delfinópolis;-;1;1;2;1;1;-;-;-;-;-;-;-;6
312320 Dores do Indaiá;-;1;1;-;-;-;-;-;-;-;-;-;-;2
312410 Esmeraldas;-;-;-;-;-;-;-;1;-;-;-;-;-;1
312440 Espírito Santo do Dourado;-;-;1;-;1;-;-;-;-;-;-;-;-;2
312700 Fronteira;-;9;5;1;1;-;1;-;-;-;-;1;-;18
312710 Frutal;-;-;-;2;1;-;-;-;-;-;-;-;-;3
312738 Goianá;-;-;-;1;-;-;-;-;-;-;-;-;-;1
312740 Gonçalves;-;-;-;-;2;-;-;-;-;-;-;-;-;2
312870 Guaxupé;-;-;1;-;1;-;-;-;-;-;-;-;-;2
312970 Ibiraci;-;-;-;-;-;-;-;-;-;-;-;1;1;2
313010 Igarapé;-;-;-;-;-;-;1;-;-;-;-;-;-;1
313060 Inconfidentes;-;-;-;1;-;-;-;-;-;-;-;-;-;1
313230 Itaipé;-;1;-;-;-;-;-;-;-;-;-;-;-;1
313240 Itajubá;-;-;-;2;6;1;1;-;-;-;-;-;-;10
313310 Itanhandu;-;1;2;1;-;-;-;-;-;-;-;-;-;4
313360 Itapeva;-;-;-;-;-;-;-;-;1;-;-;-;-;1
313375 Itaú de Minas;-;-;1;-;-;-;-;-;-;-;-;-;-;1
313440 Iturama;-;-;-;-;-;2;-;-;-;-;-;-;-;2
313610 Joanésia;-;-;-;-;-;-;-;-;-;-;-;-;1;1
313670 Juiz de Fora;-;-;-;2;-;-;-;-;-;-;-;-;-;2
313720 Lagoa da Prata;-;1;-;-;1;-;-;-;-;-;-;-;-;2
313820 Lavras;-;-;1;2;1;1;-;-;-;-;-;-;-;5
313860 Lima Duarte;-;-;-;1;-;-;-;-;-;-;-;-;-;1
313862 Limeira do Oeste;-;-;-;1;-;-;-;-;-;1;-;-;-;2
313868 Luislândia;-;-;-;-;-;-;-;-;-;-;-;1;-;1
313900 Machado;-;-;1;-;2;-;-;-;-;-;-;-;-;3
314000 Mariana;-;-;-;-;-;-;-;-;-;-;-;-;1;1
314100 Mato Verde;-;-;-;-;1;-;-;-;-;-;-;-;-;1
314110 Matozinhos;-;-;1;-;-;-;-;-;-;-;-;-;-;1
314160 Mercês;-;-;-;-;-;-;-;1;-;-;-;-;-;1
314290 Monte Azul;-;-;1;-;-;-;-;-;-;-;-;-;-;1
314310 Monte Carmelo;-;-;-;-;1;-;-;-;-;-;-;-;-;1
314340 Monte Sião;-;-;2;1;2;-;-;-;-;-;-;1;-;6
314330 Montes Claros;-;-;-;-;1;-;-;-;-;-;-;-;-;1
314380 Munhoz;-;-;-;1;-;-;-;-;-;-;-;-;-;1
314390 Muriaé;-;-;-;1;-;-;-;-;-;-;-;-;1;2
314410 Muzambinho;-;-;3;1;1;-;-;-;-;-;-;-;-;5
314510 Nova Resende;-;-;-;-;-;1;-;-;-;-;-;-;-;1
314520 Nova Serrana;-;-;-;1;-;-;-;-;-;-;-;-;-;1
314550 Olímpio Noronha;-;-;-;-;1;-;-;-;-;-;-;-;-;1
314560 Oliveira;-;-;-;-;1;-;-;-;-;-;-;-;-;1
314600 Ouro Fino;-;-;1;-;-;-;1;-;-;-;-;-;-;2
314610 Ouro Preto;-;-;1;-;-;-;-;-;-;-;-;-;-;1
314710 Pará de Minas;-;-;-;-;-;-;-;-;-;-;-;-;1;1
314700 Paracatu;-;-;-;1;1;-;-;-;-;-;-;-;-;2
314730 Paraisópolis;-;-;-;-;1;1;-;-;-;-;-;-;-;2
314760 Passa Quatro;-;-;-;1;1;-;-;-;-;-;-;-;-;2
314790 Passos;-;-;1;2;-;2;-;-;-;-;-;-;-;5
314800 Patos de Minas;-;-;1;-;1;-;-;-;-;-;-;-;-;2
314810 Patrocínio;-;-;-;-;-;-;-;-;1;-;-;-;-;1
314870 Pedra Azul;-;-;1;-;-;-;-;-;-;-;-;-;-;1
315060 Piracema;-;1;-;-;-;-;-;-;-;-;-;-;-;1
315100 Piranguinho;-;-;-;-;-;-;-;-;-;-;-;-;1;1
315140 Pitangui;-;-;-;-;1;-;-;-;-;-;-;-;-;1
315150 Piumhi;-;-;-;-;-;1;-;-;-;-;-;-;-;1
315160 Planura;-;2;1;-;1;-;-;-;-;-;-;-;-;4
315180 Poços de Caldas;-;1;5;1;4;-;-;-;-;1;-;-;1;13
315250 Pouso Alegre;-;-;2;2;2;1;-;-;-;-;-;-;-;7
315280 Prata;-;1;-;-;-;-;-;-;-;-;-;-;-;1
315290 Pratápolis;-;-;-;1;-;-;-;-;-;-;-;-;-;1
315390 Raposos;-;-;-;-;-;-;-;-;-;-;-;-;1;1
315400 Raul Soares;-;-;2;-;-;-;-;-;-;-;-;-;-;2
315700 Salinas;-;-;-;-;-;-;-;-;-;-;-;-;1;1
315727 Santa Bárbara do Monte Verde;-;1;-;-;-;-;1;-;-;-;-;-;-;2
315765 Santa Helena de Minas;-;-;-;-;1;-;-;-;-;-;-;-;-;1
315990 Santo Antônio do Amparo;-;-;-;-;-;-;1;-;-;-;-;-;-;1
316200 São Gonçalo do Sapucaí;-;-;1;1;-;-;-;-;-;-;-;-;-;2
316220 São João Batista do Glória;-;-;1;-;-;-;-;-;-;-;-;-;-;1
316250 São João del Rei;-;-;-;1;-;-;-;-;-;-;-;-;-;1
316290 São João Nepomuceno;-;-;-;-;-;-;-;1;-;-;-;-;-;1
316320 São José do Alegre;-;-;-;1;-;-;-;-;-;-;-;-;-;1
316370 São Lourenço;-;-;-;1;1;-;-;-;-;-;-;-;-;2
316470 São Sebastião do Paraíso;-;-;-;1;-;-;-;-;-;-;-;-;-;1
316540 Sapucaí-Mirim;-;-;-;-;-;1;1;-;-;-;-;-;-;2
316650 Serra Azul de Minas;-;-;-;1;-;-;-;-;-;-;-;-;-;1
316720 Sete Lagoas;-;-;-;-;1;-;-;-;-;-;-;-;-;1
316860 Teófilo Otoni;-;-;-;-;-;1;-;-;-;1;-;-;-;2
316930 Três Corações;-;-;-;1;-;-;-;-;-;-;-;-;-;1
316990 Ubá;-;-;-;-;1;-;1;-;-;-;-;-;1;3
317010 Uberaba;-;2;2;2;3;1;-;1;-;-;-;-;-;11
317020 Uberlândia;-;4;3;1;1;2;-;2;-;-;-;-;-;13
317040 Unaí;-;-;1;-;1;-;-;-;-;-;-;-;-;2
317070 Varginha;-;-;-;-;1;-;-;-;-;-;-;-;-;1
317090 Varzelândia;-;-;-;-;-;-;-;-;1;-;-;-;-;1
317110 Veríssimo;-;-;-;-;1;-;-;-;-;-;-;-;-;1
317170 Virgínia;-;-;-;1;-;1;-;-;-;-;-;-;-;2
317210 Volta Grande;-;-;-;-;-;-;-;-;-;-;-;-;1;1
320130 Cariacica;-;-;-;-;-;-;-;1;-;-;-;-;-;1
320190 Domingos Martins;-;-;1;-;-;-;-;-;-;-;-;-;-;1
320240 Guarapari;-;-;1;-;-;-;-;-;-;-;-;-;-;1
320332 Marataízes;-;-;-;-;-;1;-;-;-;-;-;-;-;1
320350 Montanha;-;1;-;-;-;-;-;-;-;-;-;-;-;1
320410 Pinheiros;-;1;1;-;-;-;-;-;-;-;-;-;-;2
320490 São Mateus;-;1;-;-;-;-;-;-;-;-;-;-;-;1
320500 Serra;-;-;1;-;-;-;-;-;-;-;-;-;-;1
320520 Vila Velha;-;-;1;-;-;-;-;-;-;-;-;-;-;1
320530 Vitória;-;1;-;-;1;-;-;-;1;-;-;-;-;3
330010 Angra dos Reis;-;-;3;3;-;1;1;1;-;-;-;-;-;9
330023 Armação dos Búzios;-;-;-;1;-;-;-;-;-;-;-;-;-;1
330040 Barra Mansa;-;-;-;2;1;1;-;-;-;-;-;-;-;4
330070 Cabo Frio;-;1;-;-;-;-;-;-;-;-;-;-;-;1
330200 Itaguaí;-;-;1;-;-;-;-;-;-;-;-;-;-;1
330225 Itatiaia;-;-;1;1;-;-;-;-;-;-;-;-;-;2
330240 Macaé;-;-;-;-;-;-;-;-;-;1;-;-;-;1
330280 Mendes;-;-;-;-;1;-;-;-;-;-;-;-;-;1
330330 Niterói;-;-;-;-;-;-;-;-;-;-;-;1;-;1
330350 Nova Iguaçu;-;-;1;-;-;-;-;2;-;-;-;-;2;5
330380 Paraty;-;3;1;2;1;1;2;-;-;-;-;2;-;12
330390 Petrópolis;-;2;1;-;-;-;-;-;-;-;-;-;-;3
330420 Resende;-;8;10;18;2;1;-;-;-;-;-;-;-;39
330452 Rio das Ostras;-;-;-;-;-;-;-;-;-;-;1;-;-;1
330455 Rio de Janeiro;-;15;14;18;19;7;-;3;1;2;3;1;10;93
330460 Santa Maria Madalena;-;-;-;1;-;-;-;-;-;-;-;-;-;1
330555 Seropédica;-;-;-;-;-;-;-;-;-;-;-;-;1;1
330580 Teresópolis;-;-;1;-;-;-;-;-;-;-;-;-;-;1
330630 Volta Redonda;-;-;2;3;1;1;-;-;-;-;-;-;-;7
350010 Adamantina;-;11;79;368;428;176;36;26;13;2;1;3;8;1151
350020 Adolfo;-;3;11;58;9;8;2;-;3;2;7;6;6;115
350030 Aguaí;-;1316;1066;84;19;1;2;2;4;1;4;1;37;2537
350040 Águas da Prata;-;25;155;70;22;1;-;-;-;-;-;-;-;273
350050 Águas de Lindóia;-;2;17;36;36;10;2;-;-;-;-;-;-;103
350055 Águas de Santa Bárbara;-;1;4;3;5;3;2;-;-;-;1;1;-;20
350060 Águas de São Pedro;-;-;5;16;3;1;-;-;-;-;-;-;-;25
350070 Agudos;-;11;59;208;307;110;14;4;2;-;-;2;2;719
350075 Alambari;-;1;-;2;-;-;-;-;-;-;-;-;-;3
350080 Alfredo Marcondes;-;-;-;1;-;4;2;-;-;-;-;1;-;8
350090 Altair;-;-;5;12;19;26;-;1;-;-;-;-;-;63
350100 Altinópolis;-;1;7;34;24;5;1;-;-;-;1;-;2;75
350110 Alto Alegre;-;14;19;17;1;-;-;-;-;-;-;-;-;51
350115 Alumínio;-;-;3;40;83;20;2;-;-;1;-;2;5;156
350120 Álvares Florence;-;-;3;6;5;8;2;1;2;-;-;-;2;29
350130 Álvares Machado;-;1;3;17;43;33;24;8;2;-;2;35;24;192
350140 Álvaro de Carvalho;-;2;13;6;4;-;-;-;1;-;-;-;-;26
350150 Alvinlândia;-;-;2;-;-;-;-;-;-;-;-;-;-;2
350160 Americana;-;55;418;2356;2860;1418;261;32;2;4;1;8;35;7450
350170 Américo Brasiliense;-;3;37;205;362;64;10;-;1;-;-;-;-;682
350180 Américo de Campos;-;1;-;14;21;13;10;4;1;-;-;1;1;66
350190 Amparo;-;133;1192;3339;1504;362;28;1;-;3;3;4;3;6572
350200 Analândia;-;1;2;15;25;6;-;-;-;-;-;-;-;49
350210 Andradina;-;13;23;96;419;748;96;44;36;66;68;99;145;1853
350220 Angatuba;-;2;2;31;57;23;3;-;1;-;-;-;-;119
350230 Anhembi;-;-;-;65;41;5;-;-;-;-;-;-;-;111
350240 Anhumas;-;-;-;1;24;40;7;1;-;-;-;-;1;74
350250 Aparecida;-;5;33;391;697;385;83;5;1;1;2;-;7;1610
350260 Aparecida d'Oeste;-;35;32;19;54;22;1;3;-;-;-;-;2;168
350270 Apiaí;-;-;3;6;10;1;-;-;-;-;-;-;-;20
350275 Araçariguama;-;1;12;56;81;26;5;-;-;-;2;-;-;183
350280 Araçatuba;-;150;174;466;455;327;89;27;7;14;8;10;21;1748
350290 Araçoiaba da Serra;-;13;23;24;10;9;-;-;-;-;1;-;-;80
350300 Aramina;-;-;1;-;-;-;-;-;-;-;-;-;-;1
350310 Arandu;-;-;-;2;4;-;-;-;-;-;-;-;-;6
350315 Arapeí;-;1;14;42;-;-;-;-;-;-;-;-;-;57
350320 Araraquara;-;231;862;2794;320;462;159;34;15;13;20;42;29;4981
350330 Araras;-;31;168;706;1006;593;114;12;3;2;1;3;4;2643
350335 Arco-Íris;-;-;-;1;1;4;1;-;-;-;-;-;-;7
350340 Arealva;-;18;110;67;99;38;7;1;-;-;-;-;-;340
350350 Areias;-;-;-;-;-;1;-;1;-;-;1;-;-;3
350360 Areiópolis;-;1;66;290;88;25;1;-;1;-;-;-;-;472
350370 Ariranha;-;8;70;95;24;12;3;-;-;-;2;-;-;214
350380 Artur Nogueira;-;15;204;421;118;5;2;2;-;1;1;3;3;775
350390 Arujá;-;3;26;116;55;7;1;-;-;-;-;-;1;209
350395 Aspásia;-;-;1;1;18;4;-;-;-;-;-;2;4;30
350400 Assis;-;136;690;1922;1490;270;29;9;4;1;3;4;5;4563
350410 Atibaia;-;7;100;309;398;173;11;4;2;2;-;-;8;1014
350420 Auriflama;-;3;21;46;45;40;30;5;3;1;-;-;1;195
350430 Avaí;-;90;63;69;25;4;8;-;-;-;-;-;117;376
350440 Avanhandava;-;10;16;24;17;2;-;-;-;-;-;-;-;69
350450 Avaré;-;-;16;72;102;22;2;1;1;-;-;-;-;216
350460 Bady Bassitt;-;2;27;60;148;123;33;1;2;1;5;6;3;411
350470 Balbinos;-;1;8;5;1;-;-;-;-;-;-;-;-;15
350480 Bálsamo;-;13;97;132;31;40;11;-;2;1;-;-;-;327
350490 Bananal;-;1;32;35;86;15;6;-;-;-;-;-;-;175
350500 Barão de Antonina;-;-;-;-;1;3;-;-;-;-;-;-;-;4
350510 Barbosa;-;3;12;41;25;30;7;-;-;-;-;2;2;122
350520 Bariri;-;-;5;18;64;36;3;1;-;-;-;-;-;127
350530 Barra Bonita;-;-;1;10;38;11;3;3;-;-;-;-;-;66
350540 Barra do Turvo;-;-;2;2;1;-;-;-;-;1;-;-;-;6
350550 Barretos;-;18;63;162;205;180;68;23;6;4;10;18;38;795
350560 Barrinha;-;-;5;3;9;1;-;-;-;-;-;-;-;18
350570 Barueri;-;42;361;1181;183;29;4;-;2;4;-;1;-;1807
350580 Bastos;-;13;39;136;134;76;38;8;15;3;3;2;1;468
350590 Batatais;-;4;12;77;66;79;29;12;5;4;41;54;177;560
350600 Bauru;1;141;1294;3120;2551;1166;283;35;15;7;3;22;44;8682
350610 Bebedouro;-;517;826;2029;2137;757;20;6;7;5;2;-;27;6333
350620 Bento de Abreu;-;1;-;2;-;-;-;-;-;-;-;-;-;3
350630 Bernardino de Campos;-;-;5;42;12;-;-;-;-;-;-;-;-;59
350635 Bertioga;-;19;38;70;99;71;82;37;18;5;6;11;21;477
350640 Bilac;-;2;6;11;42;28;-;1;1;1;11;40;70;213
350650 Birigui;-;81;286;729;1635;1165;379;58;35;20;23;73;115;4599
350660 Biritiba-Mirim;-;-;2;3;7;1;3;-;-;-;-;-;-;16
350670 Boa Esperança do Sul;-;12;28;18;29;16;2;-;-;-;1;1;1;108
350680 Bocaina;-;1;9;36;23;3;-;-;-;-;-;-;1;73
350690 Bofete;-;-;-;2;2;2;-;-;-;-;-;-;-;6
350700 Boituva;-;4;129;362;297;57;4;-;-;-;-;-;-;853
350710 Bom Jesus dos Perdões;-;4;40;104;112;32;-;-;-;-;-;-;-;292
350720 Borá;-;-;1;3;3;-;-;-;-;-;-;-;-;7
350730 Boracéia;-;-;1;7;10;2;-;-;-;-;-;-;-;20
350740 Borborema;-;33;196;218;73;35;10;-;1;-;-;1;3;570
350745 Borebi;-;-;-;-;-;1;-;-;-;-;-;-;-;1
350750 Botucatu;-;5;53;300;273;58;6;1;-;-;1;4;2;703
350760 Bragança Paulista;-;9;34;132;233;110;40;5;3;-;-;1;6;573
350770 Braúna;-;20;82;34;9;10;2;-;-;2;-;-;3;162
350775 Brejo Alegre;-;-;4;3;1;1;-;-;-;-;-;-;-;9
350780 Brodowski;-;4;39;99;88;35;16;2;-;-;1;-;-;284
350790 Brotas;-;31;28;62;112;32;1;1;-;-;-;-;4;271
350800 Buri;-;1;8;140;50;15;5;-;-;-;-;-;-;219
350810 Buritama;-;7;85;360;234;91;36;10;8;5;-;3;6;845
350820 Buritizal;-;-;-;-;-;-;1;-;-;-;-;-;-;1
350830 Cabrália Paulista;-;1;45;61;4;-;-;-;-;-;-;-;-;111
350840 Cabreúva;-;1;14;43;59;8;1;-;-;-;-;1;1;128
350850 Caçapava;-;5;34;148;309;385;48;2;-;-;2;-;1;934
350860 Cachoeira Paulista;-;1;9;62;189;97;22;-;-;-;-;1;-;381
350870 Caconde;-;-;6;25;19;29;5;-;-;-;-;-;1;85
350880 Cafelândia;-;26;73;86;31;1;2;-;-;1;-;-;3;223
350890 Caiabu;-;-;-;2;2;2;7;-;-;-;-;-;-;13
350900 Caieiras;-;1;12;87;130;47;5;1;2;-;-;1;-;286
350910 Caiuá;-;1;3;5;3;1;-;-;-;-;-;-;1;14
350920 Cajamar;-;48;454;1504;853;71;10;2;-;5;4;3;2;2956
350925 Cajati;-;-;3;7;2;-;-;-;-;-;-;-;-;12
350930 Cajobi;-;2;34;35;46;9;12;-;1;-;-;-;-;139
350940 Cajuru;-;7;103;209;364;97;35;1;-;-;1;1;1;819
350945 Campina do Monte Alegre;-;-;-;2;-;-;-;-;-;-;-;-;-;2
350950 Campinas;-;1467;6717;21185;21397;7372;1164;84;33;43;43;57;93;59655
350960 Campo Limpo Paulista;-;179;146;52;21;14;1;-;-;-;-;1;9;423
350970 Campos do Jordão;-;-;3;1;1;-;1;-;-;-;-;-;-;6
350980 Campos Novos Paulista;-;1;15;10;5;-;-;-;-;-;-;-;-;31
350990 Cananéia;-;-;4;15;5;5;1;1;-;-;-;-;1;32
350995 Canas;-;-;-;2;16;7;1;-;1;-;-;-;-;27
351000 Cândido Mota;-;377;1336;1840;587;44;2;2;2;1;-;4;6;4201
351010 Cândido Rodrigues;-;-;-;4;14;-;-;-;-;-;-;-;4;22
351015 Canitar;-;-;1;1;3;3;-;-;-;-;-;-;-;8
351020 Capão Bonito;-;-;14;23;27;6;-;-;-;-;-;-;-;70
351030 Capela do Alto;-;1;2;4;2;1;-;-;-;-;-;-;-;10
351040 Capivari;-;9;60;433;417;160;30;3;4;2;1;5;8;1132
351050 Caraguatatuba;-;350;719;616;482;184;17;3;2;-;3;5;4;2385
351060 Carapicuíba;-;12;92;795;1026;368;40;12;6;5;-;-;1;2357
351070 Cardoso;-;9;17;12;5;2;1;-;-;-;1;-;-;47
351080 Casa Branca;-;12;84;192;282;215;13;-;1;1;-;3;-;803
351100 Castilho;-;13;28;92;242;126;19;11;1;1;2;5;33;573
351110 Catanduva;-;3335;4918;1959;455;217;79;15;3;8;6;1;78;11074
351120 Catiguá;-;18;45;67;42;16;7;-;2;1;-;-;-;198
351130 Cedral;-;13;58;187;105;45;4;3;-;-;3;2;-;420
351140 Cerqueira César;-;-;-;2;7;3;-;-;-;-;-;-;-;12
351150 Cerquilho;-;1;31;60;56;29;3;-;1;-;1;-;-;182
351160 Cesário Lange;-;-;1;1;3;10;1;-;-;-;-;-;-;16
351170 Charqueada;-;-;-;5;26;23;6;-;-;-;-;-;-;60
355720 Chavantes;-;-;-;3;19;50;6;1;-;-;-;-;-;79
351190 Clementina;-;-;2;7;9;4;-;-;-;-;-;-;-;22
351200 Colina;-;3;9;99;278;107;38;18;25;4;-;-;-;581
351210 Colômbia;-;-;4;26;56;82;25;2;1;1;1;-;1;199
351220 Conchal;-;9;155;910;790;155;17;2;2;1;1;3;2;2047
351230 Conchas;-;-;21;163;324;303;22;-;-;-;-;-;-;833
351240 Cordeirópolis;-;3;76;307;179;56;10;1;-;-;-;1;1;634
351250 Coroados;-;-;11;15;13;3;2;2;2;-;-;-;-;48
351260 Coronel Macedo;-;2;-;3;1;-;-;-;-;-;-;-;-;6
351270 Corumbataí;-;9;17;50;36;5;1;1;-;-;-;-;-;119
351280 Cosmópolis;-;16;41;42;33;16;-;-;-;-;1;-;1;150
351290 Cosmorama;-;1;9;27;17;1;-;-;-;1;3;8;5;72
351300 Cotia;-;53;301;494;322;118;16;-;1;2;-;2;2;1311
351310 Cravinhos;-;8;10;14;37;26;3;-;-;-;1;-;4;103
351320 Cristais Paulista;-;-;-;1;1;-;1;-;-;-;-;-;-;3
351330 Cruzália;-;-;4;69;13;-;-;-;-;-;-;-;-;86
351340 Cruzeiro;-;8;14;48;99;41;12;4;2;-;2;2;1;233
351350 Cubatão;-;9;16;38;62;37;28;5;4;4;2;3;1;209
351360 Cunha;-;-;-;3;2;1;-;-;-;-;-;-;2;8
351370 Descalvado;-;28;214;452;380;124;22;3;1;-;2;3;1;1230
351380 Diadema;-;15;130;765;816;467;79;8;1;2;1;4;6;2294
351385 Dirce Reis;-;-;-;-;3;6;7;6;10;1;-;-;-;33
351390 Divinolândia;-;-;-;-;-;1;-;-;-;-;-;-;-;1
351400 Dobrada;-;7;5;6;3;7;9;9;-;-;-;-;-;46
351410 Dois Córregos;-;4;44;129;180;40;8;2;-;1;-;1;-;409
351420 Dolcinópolis;-;-;-;1;-;1;1;7;2;-;2;49;42;105
351430 Dourado;-;-;1;2;3;4;-;-;-;-;-;-;-;10
351440 Dracena;-;285;396;266;176;54;3;4;-;-;1;6;15;1206
351450 Duartina;-;-;7;29;5;14;5;-;-;-;-;-;-;60
351460 Dumont;-;2;8;45;80;57;14;1;-;-;1;2;5;215
351470 Echaporã;-;13;31;13;4;-;-;-;-;-;-;-;-;61
351480 Eldorado;-;1;-;-;-;-;-;-;-;-;-;-;-;1
351490 Elias Fausto;-;366;308;121;17;5;-;1;-;-;1;-;13;832
351492 Elisiário;-;9;47;48;10;4;-;-;-;-;-;-;-;118
351495 Embaúba;-;1;7;-;25;27;19;4;-;-;-;-;-;83
351500 Embu das Artes;-;8;62;281;355;165;25;1;-;-;2;-;-;899
351510 Embu-Guaçu;-;-;4;16;10;4;-;-;-;-;-;-;-;34
351512 Emilianópolis;-;-;-;-;-;-;-;-;-;-;-;-;1;1
351515 Engenheiro Coelho;-;6;44;164;252;37;1;-;2;-;-;-;-;506
351518 Espírito Santo do Pinhal;-;15;153;451;480;257;50;2;-;2;-;3;4;1417
351519 Espírito Santo do Turvo;-;-;-;5;5;4;-;-;-;-;-;-;-;14
355730 Estiva Gerbi;-;-;2;2;1;-;-;-;-;-;-;-;-;5
351520 Estrela d'Oeste;-;319;311;337;225;133;44;5;1;-;1;-;5;1381
351530 Estrela do Norte;-;-;-;-;2;-;1;-;-;-;-;1;-;4
351535 Euclides da Cunha Paulista;-;-;-;2;1;-;-;-;-;-;-;-;-;3
351540 Fartura;-;1;1;13;64;50;10;2;-;-;-;-;-;141
351560 Fernando Prestes;-;-;1;10;1;1;-;-;-;-;-;-;-;13
351550 Fernandópolis;-;25;105;265;256;252;116;66;29;21;3;5;6;1149
351565 Fernão;-;-;1;2;-;-;-;-;-;-;-;-;-;3
351570 Ferraz de Vasconcelos;-;5;37;246;253;84;12;2;1;1;2;7;5;655
351580 Flora Rica;-;-;2;-;1;2;1;-;-;-;-;-;-;6
351590 Floreal;-;-;1;4;4;4;1;-;1;2;-;-;1;18
351600 Flórida Paulista;-;125;62;256;204;20;35;25;4;-;2;2;6;741
351610 Florínia;-;22;18;12;-;-;-;-;-;-;-;-;-;52
351620 Franca;-;31;167;639;550;192;88;32;9;1;7;12;50;1778
351630 Francisco Morato;-;6;54;209;439;225;28;5;1;2;-;1;2;972
351640 Franco da Rocha;-;3;18;201;140;299;6;2;-;-;1;-;-;670
351650 Gabriel Monteiro;-;-;-;1;1;1;-;-;-;-;-;-;-;3
351660 Gália;-;17;61;141;64;5;-;-;-;-;-;-;-;288
351670 Garça;-;167;570;429;175;45;14;3;1;-;1;1;2;1408
351680 Gastão Vidigal;-;-;2;1;16;3;-;-;-;-;-;-;-;22
351685 Gavião Peixoto;-;-;1;1;2;1;-;-;-;-;-;-;-;5
351690 General Salgado;-;-;4;4;8;6;4;1;1;-;-;-;2;30
351700 Getulina;-;130;95;270;193;66;4;-;-;-;-;-;1;759
351710 Glicério;-;9;56;48;42;8;-;-;-;-;-;-;1;164
351720 Guaiçara;-;62;152;163;21;12;1;-;-;-;-;-;-;411
351730 Guaimbê;-;44;241;234;61;15;-;-;-;-;-;-;-;595
351740 Guaíra;-;5;6;33;145;237;129;48;48;91;100;181;320;1343
351750 Guapiaçu;-;6;3;20;9;38;23;5;1;-;-;2;7;114
351760 Guapiara;-;-;-;-;1;-;-;-;-;-;-;-;-;1
351770 Guará;-;1;3;5;19;16;15;8;2;9;15;73;8;174
351780 Guaraçaí;-;10;10;14;10;33;5;2;5;2;-;3;4;98
351790 Guaraci;-;6;20;45;20;4;1;1;-;13;11;2;2;125
351800 Guarani d'Oeste;-;1;2;2;3;4;1;4;1;-;-;-;-;18
351810 Guarantã;-;1;8;86;158;11;1;-;1;-;-;-;-;266
351820 Guararapes;-;1398;849;172;41;11;4;-;7;6;-;4;36;2528
351830 Guararema;-;4;18;72;66;18;-;-;-;1;-;-;-;179
351840 Guaratinguetá;-;11;37;245;550;202;26;3;1;1;1;1;-;1078
351850 Guareí;-;1;-;1;-;2;-;-;-;-;-;-;-;4
351860 Guariba;-;5;19;140;260;45;16;4;3;1;2;-;2;497
351870 Guarujá;-;37;87;235;486;316;85;13;17;3;7;26;43;1355
351880 Guarulhos;-;158;1378;7240;10735;4123;487;49;18;13;19;14;24;24258
351885 Guatapará;-;-;-;9;42;65;1;-;-;-;-;-;-;117
351890 Guzolândia;-;-;-;10;20;40;19;1;1;1;-;-;-;92
351900 Herculândia;-;1;2;79;17;7;3;-;-;-;-;1;-;110
351905 Holambra;-;18;45;72;69;27;2;-;1;-;1;-;-;235
351907 Hortolândia;-;222;831;2192;1207;968;239;52;17;10;19;27;74;5858
351910 Iacanga;-;-;3;10;33;18;18;11;3;1;3;8;1;109
351920 Iacri;-;2;5;28;35;12;-;-;-;2;-;-;-;84
351925 Iaras;-;-;1;1;-;1;-;-;-;-;-;-;-;3
351930 Ibaté;-;12;63;200;248;76;9;-;1;-;-;-;1;610
351940 Ibirá;-;11;112;138;92;30;15;16;2;2;-;1;1;420
351950 Ibirarema;-;1;1;111;119;10;-;-;-;-;-;-;3;245
351960 Ibitinga;-;10;17;66;223;160;47;25;9;4;13;24;205;803
351970 Ibiúna;-;4;3;8;10;1;-;-;-;-;-;1;-;27
351980 Icém;-;4;62;43;74;43;12;1;2;-;-;2;-;243
351990 Iepê;-;-;5;19;31;29;4;-;-;1;-;1;-;90
352000 Igaraçu do Tietê;-;-;1;-;3;-;-;-;-;-;-;-;-;4
352010 Igarapava;-;-;-;-;1;1;1;-;-;-;-;-;2;5
352020 Igaratá;-;1;11;61;24;3;-;-;-;-;-;-;-;100
352030 Iguape;-;2;20;107;60;4;1;1;-;-;-;-;1;196
352042 Ilha Comprida;-;8;10;110;74;25;1;-;-;-;-;-;-;228
352044 Ilha Solteira;-;163;156;133;54;37;32;5;2;2;3;15;26;628
352040 Ilhabela;-;18;64;247;240;142;71;20;17;9;11;38;39;916
352050 Indaiatuba;-;25;190;647;751;313;28;2;-;4;1;3;4;1968
352060 Indiana;-;-;-;2;27;9;2;-;2;-;-;1;-;43
352070 Indiaporã;-;-;-;1;5;2;1;-;-;-;-;-;-;9
352080 Inúbia Paulista;-;-;2;40;19;41;30;4;15;8;8;1;1;169
352090 Ipaussu;-;1;14;143;134;17;-;-;-;-;-;-;-;309
352100 Iperó;-;829;412;453;251;96;10;-;1;-;-;-;12;2064
352110 Ipeúna;-;1;8;73;89;5;1;-;-;-;-;-;-;177
352115 Ipiguá;-;-;4;17;45;33;21;3;4;-;1;1;2;131
352120 Iporanga;-;1;-;-;-;-;-;-;-;-;-;-;-;1
352130 Ipuã;-;1;4;3;17;13;6;-;-;-;-;-;2;46
352140 Iracemápolis;-;11;70;270;161;24;4;-;-;-;-;-;-;540
352150 Irapuã;-;16;44;25;41;9;3;3;1;-;-;-;-;142
352160 Irapuru;-;-;3;13;8;28;7;3;2;1;-;-;-;65
352170 Itaberá;-;-;1;10;6;1;-;-;-;-;-;-;-;18
352180 Itaí;-;1;28;20;9;4;1;-;-;-;-;-;-;63
352190 Itajobi;-;9;27;30;13;11;2;-;1;-;-;-;-;93
352200 Itaju;-;-;-;-;-;3;-;-;-;-;-;-;-;3
352210 Itanhaém;-;179;1154;1711;941;170;35;5;4;1;2;2;10;4214
352215 Itaóca;-;-;-;-;-;1;-;-;-;-;-;-;-;1
352220 Itapecerica da Serra;-;2;34;475;597;230;29;3;1;2;-;1;1;1375
352230 Itapetininga;-;3;44;205;118;40;11;-;-;-;-;1;-;422
352240 Itapeva;-;1;37;85;45;9;1;-;-;-;-;-;-;178
352250 Itapevi;-;88;364;876;496;271;16;1;1;4;-;-;7;2124
352260 Itapira;-;1922;1444;854;214;55;16;1;-;1;4;4;65;4580
352270 Itápolis;-;26;84;174;284;140;42;13;12;9;-;6;27;817
352280 Itaporanga;-;-;3;11;9;7;2;1;-;-;1;-;-;34
352290 Itapuí;-;-;8;72;52;8;1;-;-;-;-;-;-;141
352300 Itapura;-;15;18;10;8;10;4;4;3;12;5;4;1;94
352310 Itaquaquecetuba;-;8;43;286;510;215;54;8;2;1;-;-;4;1131
352320 Itararé;-;-;-;1;13;-;-;-;-;-;-;-;-;14
352330 Itariri;-;37;132;59;299;52;7;-;-;-;-;1;1;588
352340 Itatiba;-;-;14;31;54;19;2;1;-;-;1;2;1;125
352350 Itatinga;-;1;1;3;2;-;1;-;-;-;-;-;-;8
352360 Itirapina;-;25;88;278;142;49;12;1;1;-;-;-;1;597
352370 Itirapuã;-;-;-;10;14;2;2;-;-;-;-;-;-;28
352380 Itobi;-;2;10;31;29;7;1;-;-;1;-;-;-;81
352390 Itu;-;10;66;309;480;313;58;8;4;2;7;35;66;1358
352400 Itupeva;-;-;11;64;58;24;4;-;-;-;-;-;-;161
352410 Ituverava;-;2;-;3;26;25;15;2;1;-;3;4;21;102
352420 Jaborandi;-;-;1;1;1;15;9;4;5;1;1;2;2;42
352430 Jaboticabal;-;13;24;54;50;27;5;2;1;-;2;4;13;195
352440 Jacareí;-;13;64;644;1549;795;166;12;5;3;6;2;7;3266
352450 Jaci;-;-;3;16;13;4;16;2;6;3;15;34;92;204
352460 Jacupiranga;-;1;8;24;16;2;-;-;-;-;-;-;-;51
352470 Jaguariúna;-;17;97;544;323;108;26;2;-;1;-;-;-;1118
352480 Jales;-;32;178;766;1101;859;231;36;13;13;20;32;70;3351
352490 Jambeiro;-;-;-;6;6;2;1;-;-;-;-;-;-;15
352500 Jandira;-;162;462;442;131;6;3;2;1;1;-;-;6;1216
352510 Jardinópolis;-;1;1;17;25;50;25;9;9;3;2;38;96;276
352520 Jarinu;-;-;2;8;8;7;-;-;-;-;-;-;2;27
352530 Jaú;-;9;34;72;84;26;5;-;-;1;3;2;4;240
352540 Jeriquara;-;-;-;3;-;-;-;-;-;-;1;-;-;4
352550 Joanópolis;-;-;-;4;-;-;-;-;-;-;-;-;-;4
352560 João Ramalho;-;1;-;9;19;3;6;-;-;-;-;-;-;38
352570 José Bonifácio;-;8;48;162;155;110;49;20;16;7;8;7;7;597
352580 Júlio Mesquita;-;105;102;78;13;-;-;-;-;-;-;-;1;299
352585 Jumirim;-;-;1;1;1;-;-;-;-;-;-;-;-;3
352590 Jundiaí;-;102;344;1428;1446;372;42;5;-;3;5;9;36;3792
352600 Junqueirópolis;-;110;184;87;104;71;18;4;-;2;1;-;8;589
352610 Juquiá;-;-;4;22;22;3;-;-;-;1;-;-;-;52
352620 Juquitiba;-;1;3;6;5;2;1;-;-;-;-;1;-;19
352640 Laranjal Paulista;-;1;5;34;66;38;4;-;-;-;-;-;-;148
352650 Lavínia;-;48;21;23;26;18;3;-;-;-;4;1;4;148
352660 Lavrinhas;-;-;1;2;1;1;1;-;-;-;-;-;-;6
352670 Leme;-;4;19;56;63;33;7;-;-;2;1;1;4;190
352680 Lençóis Paulista;-;3;38;139;169;51;7;-;-;-;1;-;1;409
352690 Limeira;-;1742;6622;7805;2564;565;105;11;10;5;9;6;79;19523
352700 Lindóia;-;-;3;13;17;2;-;-;-;-;-;-;-;35
352710 Lins;-;107;331;583;540;162;16;2;2;1;-;1;16;1761
352720 Lorena;-;68;103;354;690;346;67;11;4;5;7;5;13;1673
352725 Lourdes;-;-;3;-;4;7;2;1;2;-;-;-;1;20
352730 Louveira;-;11;36;113;160;34;1;-;1;-;-;-;-;356
352740 Lucélia;-;49;51;62;54;38;7;8;5;3;-;1;2;280
352750 Lucianópolis;-;-;5;-;2;-;-;-;-;-;-;-;-;7
352760 Luís Antônio;-;-;-;84;49;5;1;-;-;-;-;3;-;142
352770 Luiziânia;-;1;-;13;13;17;2;-;-;-;-;-;-;46
352780 Lupércio;-;26;6;4;1;-;-;-;-;-;-;1;-;38
352790 Lutécia;-;3;40;9;1;-;-;-;-;-;-;-;-;53
352800 Macatuba;-;1;4;27;38;23;-;-;-;-;-;1;-;94
352810 Macaubal;-;1;5;9;13;10;4;-;-;-;1;-;3;46
352820 Macedônia;-;1;1;11;10;7;1;-;-;-;-;-;-;31
352830 Magda;-;3;7;13;5;7;2;1;-;-;-;-;-;38
352840 Mairinque;-;-;29;75;70;16;1;1;2;1;1;-;1;197
352850 Mairiporã;-;3;10;70;70;30;2;-;-;1;-;3;2;191
352860 Manduri;-;-;-;1;-;1;-;-;-;-;-;-;-;2
352870 Marabá Paulista;-;-;1;5;3;3;-;-;-;-;-;-;-;12
352880 Maracaí;-;40;126;218;78;40;12;2;-;-;1;-;-;517
352885 Marapoama;-;3;10;15;20;3;1;-;-;-;-;-;-;52
352890 Mariápolis;-;2;8;17;53;48;24;4;-;-;-;-;-;156
352900 Marília;-;4653;6972;4802;1149;384;154;11;14;26;17;14;90;18286
352910 Marinópolis;-;1;6;5;8;2;-;-;-;-;-;-;1;23
352920 Martinópolis;-;1;-;10;42;23;9;1;1;-;2;-;1;90
352930 Matão;-;3;20;91;220;188;83;29;15;9;10;7;26;701
352940 Mauá;-;2;31;206;208;30;3;-;-;-;-;1;4;485
352950 Mendonça;-;8;24;147;101;42;19;3;-;-;-;-;-;344
352960 Meridiano;-;1;22;14;15;8;4;-;-;-;1;-;-;65
352965 Mesópolis;-;1;2;31;14;4;3;-;-;-;-;-;-;55
352970 Miguelópolis;-;-;1;6;3;2;-;-;1;-;-;-;-;13
352980 Mineiros do Tietê;-;-;2;6;14;3;-;-;1;-;-;-;-;26
353000 Mira Estrela;-;-;-;9;18;5;-;-;-;-;1;-;-;33
352990 Miracatu;-;2;17;83;305;53;65;4;2;-;-;-;-;531
353010 Mirandópolis;-;7;18;32;90;99;25;7;7;7;23;35;176;526
353020 Mirante do Paranapanema;-;-;15;53;23;4;1;-;1;1;-;1;5;104
353030 Mirassol;-;14;30;53;121;120;61;21;16;3;3;2;2;446
353040 Mirassolândia;-;2;9;34;23;20;6;2;-;1;-;-;1;98
353050 Mococa;-;871;1141;790;324;150;41;3;3;3;2;6;37;3371
353060 Mogi das Cruzes;-;3;35;206;338;155;27;2;-;1;1;1;4;773
353070 Mogi Guaçu;-;810;2612;3911;1061;320;37;16;5;6;9;9;30;8826
353080 Mogi Mirim;-;87;33;20;6;7;1;5;1;4;3;1;10;178
353090 Mombuca;-;-;-;1;15;3;3;-;-;-;-;-;-;22
353100 Monções;-;9;3;11;7;11;5;7;1;1;-;1;1;57
353110 Mongaguá;-;261;335;134;114;46;3;-;2;9;7;1;21;933
353120 Monte Alegre do Sul;-;1;8;11;2;-;-;-;-;-;-;-;-;22
353130 Monte Alto;-;2;4;35;108;102;2;2;3;1;1;3;2;265
353140 Monte Aprazível;-;12;66;205;151;94;44;10;8;-;3;1;4;598
353150 Monte Azul Paulista;-;6;33;85;92;85;22;13;6;3;1;2;30;378
353160 Monte Castelo;-;-;6;1;2;2;1;-;-;-;-;-;-;12
353180 Monte Mor;-;9;124;415;234;31;9;1;1;1;1;5;3;834
353170 Monteiro Lobato;-;-;-;1;-;-;-;-;-;-;-;-;-;1
353190 Morro Agudo;-;-;6;18;26;11;2;1;1;2;-;1;5;73
353200 Morungaba;-;-;-;2;6;7;1;-;-;-;-;-;-;16
353205 Motuca;-;-;1;1;3;-;-;-;-;-;-;-;-;5
353210 Murutinga do Sul;-;-;7;20;38;10;6;2;5;-;2;2;4;96
353215 Nantes;-;-;2;1;2;4;4;-;-;-;-;-;-;13
353220 Narandiba;-;2;2;4;2;3;1;-;-;-;-;-;1;15
353230 Natividade da Serra;-;-;2;2;-;1;-;-;-;-;-;-;-;5
353240 Nazaré Paulista;-;1;1;1;-;1;-;-;-;-;-;-;-;4
353250 Neves Paulista;-;87;186;312;100;39;28;7;6;3;5;4;6;783
353260 Nhandeara;-;1;1;6;24;16;9;8;1;-;3;-;2;71
353270 Nipoã;-;-;11;42;50;26;2;-;-;-;-;-;3;134
353280 Nova Aliança;-;-;2;15;72;23;5;2;2;-;-;1;-;122
353284 Nova Canaã Paulista;-;80;60;75;34;24;11;1;-;-;-;-;-;285
353290 Nova Europa;-;-;1;2;-;-;-;-;-;-;-;-;-;3
353300 Nova Granada;-;5;11;39;34;25;10;2;-;-;-;-;-;126
353310 Nova Guataporanga;-;-;1;21;18;12;6;1;6;-;-;1;-;66
353320 Nova Independência;-;1;10;30;8;2;2;1;-;-;1;-;-;55
353330 Nova Luzitânia;-;-;-;6;2;1;-;-;-;-;2;-;-;11
353340 Nova Odessa;-;11;125;457;691;471;60;1;-;-;-;-;-;1816
353325 Novais;-;8;12;20;6;3;-;-;-;-;-;-;2;51
353350 Novo Horizonte;-;23;33;87;97;38;12;-;-;2;-;-;1;293
353360 Nuporanga;-;7;74;79;8;1;1;-;-;-;-;-;8;178
353370 Ocauçu;-;3;17;7;-;-;-;-;-;-;-;-;-;27
353390 Olímpia;-;10;36;134;198;82;21;8;6;2;3;3;2;505
353400 Onda Verde;-;-;38;209;336;100;34;2;-;1;-;-;-;720
353410 Oriente;-;10;58;75;11;11;11;-;7;1;-;-;-;184
353420 Orindiúva;-;1;23;33;24;23;2;2;-;-;-;-;-;108
353430 Orlândia;-;6;27;53;176;133;20;4;1;2;-;-;13;435
353440 Osasco;-;32;115;440;232;75;13;2;3;1;-;-;4;917
353450 Oscar Bressane;-;6;10;8;6;-;-;-;-;-;-;-;-;30
353460 Osvaldo Cruz;-;1;31;245;424;85;4;7;7;6;9;5;18;842
353470 Ourinhos;-;297;1352;2277;1740;547;41;4;6;1;3;9;6;6283
353480 Ouro Verde;-;2;2;12;77;30;6;4;2;-;-;-;-;135
353475 Ouroeste;-;-;2;12;59;68;71;24;6;1;1;1;1;246
353490 Pacaembu;-;1;13;50;41;15;-;1;38;5;1;2;-;167
353500 Palestina;-;-;11;18;68;84;71;11;3;1;1;1;1;270
353510 Palmares Paulista;-;13;102;112;95;73;19;4;1;1;-;-;-;420
353520 Palmeira d'Oeste;-;-;2;7;6;5;-;-;-;-;-;-;4;24
353530 Palmital;-;46;70;171;109;19;3;2;1;1;1;1;3;427
353540 Panorama;-;-;20;35;46;24;9;2;-;-;-;9;2;147
353550 Paraguaçu Paulista;-;1002;2017;1022;258;52;9;2;-;1;-;1;13;4377
353560 Paraibuna;-;9;17;37;10;4;1;-;-;-;-;-;-;78
353570 Paraíso;-;9;23;17;3;5;-;-;-;-;-;-;-;57
353580 Paranapanema;-;-;4;48;18;3;1;1;1;-;-;-;-;76
353590 Paranapuã;-;-;5;8;10;6;1;2;1;-;-;-;3;36
353600 Parapuã;-;12;91;189;125;21;-;3;1;1;2;1;3;449
353610 Pardinho;-;-;-;8;2;2;-;-;-;-;-;-;-;12
353620 Pariquera-Açu;-;1;3;27;44;43;6;1;1;-;2;1;-;129
353625 Parisi;-;5;2;6;5;4;5;2;1;1;-;1;1;33
353630 Patrocínio Paulista;-;-;-;2;1;2;1;-;-;-;-;-;-;6
353640 Paulicéia;-;1;5;5;3;2;2;-;-;-;-;1;-;19
353650 Paulínia;-;45;218;752;920;303;24;48;28;19;32;11;5;2405
353657 Paulistânia;-;-;1;14;1;-;1;-;-;-;-;-;-;17
353660 Paulo de Faria;-;9;9;43;40;4;3;1;-;2;3;1;2;117
353670 Pederneiras;-;7;77;330;196;52;15;5;4;1;2;-;4;693
353690 Pedranópolis;-;-;1;2;8;11;3;2;1;-;-;-;-;28
353700 Pedregulho;-;1;9;9;2;8;1;-;-;-;-;-;1;31
353710 Pedreira;-;4;21;91;115;48;12;4;1;-;1;-;6;303
353715 Pedrinhas Paulista;-;1;6;32;10;6;1;-;-;-;-;-;-;56
353720 Pedro de Toledo;-;-;35;71;65;1;2;-;-;-;-;-;1;175
353730 Penápolis;-;958;1310;373;244;12;2;2;1;2;5;3;28;2940
353740 Pereira Barreto;-;14;34;87;77;38;13;5;5;9;31;28;18;359
353750 Pereiras;-;-;1;-;1;8;-;-;-;-;-;-;-;10
353760 Peruíbe;-;298;474;1448;153;7;1;1;-;-;1;-;36;2419
353770 Piacatu;-;1;4;3;-;1;1;-;-;-;-;-;-;10
353780 Piedade;-;1;9;36;11;2;1;-;-;-;-;-;-;60
353790 Pilar do Sul;-;-;-;10;3;-;-;-;-;-;-;-;-;13
353800 Pindamonhangaba;-;14;39;134;353;279;105;17;1;-;3;1;7;953
353810 Pindorama;-;37;22;9;8;34;12;9;1;1;-;-;-;133
353820 Pinhalzinho;-;-;-;2;1;-;-;-;-;-;-;-;-;3
353830 Piquerobi;-;-;-;-;-;1;-;-;-;1;-;-;-;2
353850 Piquete;-;-;-;16;50;30;5;1;-;-;-;-;-;102
353860 Piracaia;-;3;20;189;72;3;1;-;-;-;-;-;-;288
353870 Piracicaba;-;47;259;1186;1441;669;99;31;10;8;3;1;38;3792
353880 Piraju;-;-;3;17;29;10;1;-;-;-;-;-;1;61
353890 Pirajuí;-;173;405;517;301;111;8;1;1;-;-;-;1;1518
353900 Pirangi;-;208;241;230;146;40;5;2;5;12;20;17;11;937
353910 Pirapora do Bom Jesus;-;-;5;25;30;19;-;1;-;-;-;-;-;80
353920 Pirapozinho;-;5;165;623;639;117;17;3;-;1;2;2;5;1579
353930 Pirassununga;-;910;1613;1231;414;161;12;6;-;3;7;3;19;4379
353940 Piratininga;-;5;37;92;149;102;16;1;-;-;-;-;2;404
353950 Pitangueiras;-;-;4;12;60;77;41;7;4;2;2;9;13;231
353960 Planalto;-;2;8;46;85;86;21;5;4;2;-;2;-;261
353970 Platina;-;3;2;3;2;-;-;-;-;-;-;-;-;10
353980 Poá;-;2;4;54;95;25;4;-;-;-;1;1;-;186
353990 Poloni;-;-;1;8;19;5;1;1;-;-;-;-;-;35
354000 Pompéia;-;179;174;60;16;-;4;-;1;-;-;-;2;436
354010 Pongaí;-;-;5;20;4;-;-;-;-;-;-;-;1;30
354020 Pontal;-;3;4;9;26;41;27;10;7;5;9;15;71;227
354025 Pontalinda;-;-;-;6;34;25;6;-;-;1;-;-;-;72
354030 Pontes Gestal;-;2;1;-;2;4;1;7;1;8;4;18;16;64
354040 Populina;-;-;30;68;3;5;1;-;-;-;-;-;-;107
354050 Porangaba;-;-;-;8;9;4;-;-;-;-;-;-;-;21
354060 Porto Feliz;-;14;93;319;165;58;8;2;-;-;1;-;-;660
354070 Porto Ferreira;-;1069;1455;1208;523;126;16;1;2;6;4;-;46;4456
354075 Potim;-;16;36;193;361;239;39;4;2;1;1;-;-;892
354080 Potirendaba;-;4;14;65;32;19;5;3;3;-;-;1;4;150
354085 Pracinha;-;4;2;5;2;9;1;2;-;-;-;-;-;25
354090 Pradópolis;-;3;2;8;20;13;1;2;-;-;-;1;1;51
354100 Praia Grande;-;55;355;1338;1267;542;73;8;3;2;1;3;5;3652
354105 Pratânia;-;-;-;2;2;-;1;-;-;-;1;-;-;6
354110 Presidente Alves;-;3;8;3;3;-;-;-;-;-;1;-;2;20
354120 Presidente Bernardes;-;-;4;16;39;23;5;2;-;-;-;-;4;93
354130 Presidente Epitácio;-;1;9;31;51;28;15;2;3;-;6;32;77;255
354140 Presidente Prudente;-;37;65;372;863;703;350;88;56;21;60;238;590;3443
354150 Presidente Venceslau;-;40;151;238;66;52;1;-;5;3;4;9;11;580
354160 Promissão;-;86;151;105;67;7;1;-;-;-;-;-;2;419
354170 Quatá;-;49;93;105;69;11;4;-;-;-;-;1;1;333
354180 Queiroz;-;4;11;25;16;1;-;-;-;1;-;-;-;58
354190 Queluz;-;-;9;192;105;2;1;-;-;-;3;1;1;314
354200 Quintana;-;2;2;1;1;-;-;-;-;-;-;-;-;6
354210 Rafard;-;2;4;81;32;11;-;-;-;-;-;7;44;181
354220 Rancharia;-;5;21;182;152;39;7;-;1;-;-;3;1;411
354230 Redenção da Serra;-;2;1;1;1;-;-;-;-;-;-;-;-;5
354240 Regente Feijó;-;-;-;5;51;18;4;-;-;-;9;2;5;94
354250 Reginópolis;-;1;2;2;1;-;-;-;-;-;-;-;-;6
354260 Registro;-;5;25;93;88;76;27;5;4;5;2;3;2;335
354270 Restinga;-;-;1;39;16;-;-;-;-;-;-;-;-;56
354280 Ribeira;-;-;-;-;1;-;-;-;-;-;-;-;-;1
354290 Ribeirão Bonito;-;9;19;66;169;30;-;-;-;-;-;-;1;294
354310 Ribeirão Corrente;-;-;-;5;4;8;-;1;-;-;-;-;-;18
354320 Ribeirão do Sul;-;-;10;23;26;-;-;-;1;1;-;-;-;61
354323 Ribeirão dos Índios;-;-;-;16;1;16;3;1;-;-;-;1;1;39
354325 Ribeirão Grande;-;-;1;-;1;-;-;-;-;-;-;-;-;2
354330 Ribeirão Pires;-;-;2;4;16;4;2;-;-;-;-;-;-;28
354340 Ribeirão Preto;-;62;154;479;1156;1092;445;158;113;68;92;274;1040;5133
354360 Rifaina;-;110;39;5;1;1;2;-;3;1;1;1;3;167
354370 Rincão;-;-;8;38;28;27;4;1;-;-;-;-;1;107
354380 Rinópolis;-;6;53;166;76;32;10;4;2;-;-;1;2;352
354390 Rio Claro;-;1915;6089;7796;4725;1190;134;5;1;7;2;7;52;21923
354400 Rio das Pedras;-;-;4;44;200;102;22;4;-;-;-;1;-;377
354420 Riolândia;-;2;15;30;65;40;21;10;2;-;-;-;-;185
354425 Rosana;-;35;77;170;141;85;33;6;4;-;-;-;4;555
354430 Roseira;-;-;-;9;22;18;5;-;-;-;1;1;1;57
354440 Rubiácea;-;12;66;13;15;10;4;-;-;-;-;1;2;123
354450 Rubinéia;-;41;3;-;2;2;-;-;-;-;-;-;3;51
354460 Sabino;-;1;47;41;18;3;-;-;-;-;-;-;-;110
354470 Sagres;-;-;3;15;16;7;-;-;-;-;-;1;-;42
354480 Sales;-;101;139;107;24;3;1;2;1;1;-;-;1;380
354490 Sales Oliveira;-;-;3;2;4;1;2;1;2;-;-;1;-;16
354500 Salesópolis;-;-;1;5;4;2;1;-;-;-;-;1;-;14
354510 Salmourão;-;1;2;35;26;1;8;10;6;-;-;1;1;91
354515 Saltinho;-;-;1;4;20;12;-;-;-;-;-;-;-;37
354520 Salto;-;11;94;418;524;307;69;7;1;2;-;1;2;1436
354530 Salto de Pirapora;-;364;725;560;161;38;2;-;-;-;-;-;3;1853
354540 Salto Grande;-;2;4;32;21;5;1;-;-;-;-;-;-;65
354550 Sandovalina;-;5;3;5;3;4;3;-;-;-;-;-;-;23
354560 Santa Adélia;-;27;98;105;68;26;11;1;-;-;-;-;3;339
354570 Santa Albertina;-;8;45;117;56;6;1;-;-;1;-;1;1;236
354580 Santa Bárbara d'Oeste;-;81;366;1140;402;132;24;15;5;7;9;18;33;2232
354600 Santa Branca;-;-;-;8;14;3;-;-;-;-;-;-;-;25
354610 Santa Clara d'Oeste;-;16;2;1;1;2;1;-;-;-;-;-;3;26
354620 Santa Cruz da Conceição;-;-;4;7;8;2;-;-;-;-;-;-;-;21
354625 Santa Cruz da Esperança;-;-;2;7;9;-;-;-;-;-;-;-;-;18
354630 Santa Cruz das Palmeiras;-;6;56;234;399;164;15;1;1;-;1;-;-;877
354640 Santa Cruz do Rio Pardo;-;-;5;116;312;211;22;1;-;-;2;2;1;672
354650 Santa Ernestina;-;-;13;61;94;17;-;-;1;-;1;-;-;187
354660 Santa Fé do Sul;-;49;64;82;120;90;29;17;12;10;6;13;25;517
354670 Santa Gertrudes;-;2;40;67;70;17;6;-;1;-;-;1;2;206
354680 Santa Isabel;-;-;4;62;83;41;14;4;1;-;-;-;-;209
354690 Santa Lúcia;-;1;2;6;29;27;24;1;1;1;1;-;-;93
354700 Santa Maria da Serra;-;-;-;4;9;5;1;-;-;-;-;-;-;19
354710 Santa Mercedes;-;-;4;57;22;-;-;-;-;-;-;-;-;83
354740 Santa Rita d'Oeste;-;-;54;85;13;7;1;3;-;-;-;-;-;163
354750 Santa Rita do Passa Quatro;-;33;115;269;211;95;13;-;1;2;-;-;2;741
354760 Santa Rosa de Viterbo;-;1;33;43;2;1;2;-;-;-;-;-;-;82
354765 Santa Salete;-;-;1;2;-;-;-;-;2;-;-;-;-;5
354720 Santana da Ponte Pensa;-;6;8;1;2;-;-;-;-;-;-;-;-;17
354730 Santana de Parnaíba;-;4;72;523;215;36;5;-;1;-;-;1;-;857
354770 Santo Anastácio;-;1;4;18;52;42;16;4;3;8;1;2;8;159
354780 Santo André;-;13;79;479;672;174;36;6;1;1;2;2;2;1467
354790 Santo Antônio da Alegria;-;-;-;3;2;3;-;-;-;-;1;-;-;9
354800 Santo Antônio de Posse;-;56;315;1013;1111;553;86;7;5;6;10;22;9;3193
354805 Santo Antônio do Aracanguá;-;-;21;34;13;1;-;-;-;-;-;-;-;69
354810 Santo Antônio do Jardim;-;3;-;18;30;12;1;-;-;-;-;-;-;64
354820 Santo Antônio do Pinhal;-;-;-;-;1;-;-;-;-;-;-;-;-;1
354830 Santo Expedito;-;-;1;2;2;-;-;-;-;-;-;-;-;5
354840 Santópolis do Aguapeí;-;-;-;9;12;-;-;-;-;-;-;-;-;21
354850 Santos;-;36;80;992;1600;780;177;30;9;3;4;13;16;3740
354860 São Bento do Sapucaí;-;-;1;1;3;5;-;-;-;-;-;-;-;10
354870 São Bernardo do Campo;-;17;221;978;1209;357;76;10;-;-;4;4;6;2882
354880 São Caetano do Sul;-;-;22;136;156;52;5;-;-;-;-;1;2;374
354890 São Carlos;-;130;264;2706;1556;116;34;9;3;6;13;30;19;4886
354900 São Francisco;-;-;-;-;1;3;3;-;6;7;1;-;-;21
354910 São João da Boa Vista;-;168;1277;1836;1541;606;84;3;-;2;-;2;12;5531
354920 São João das Duas Pontes;-;11;21;43;52;7;3;4;-;-;-;-;-;141
354925 São João de Iracema;-;-;-;-;-;-;-;1;1;-;-;-;-;2
354930 São João do Pau d'Alho;-;-;1;-;2;3;-;-;-;-;-;4;3;13
354940 São Joaquim da Barra;-;11;27;154;340;221;41;8;5;2;7;3;17;836
354950 São José da Bela Vista;-;-;4;4;-;-;1;-;-;-;-;22;7;38
354960 São José do Barreiro;-;7;19;35;11;2;1;-;-;-;-;-;-;75
354970 São José do Rio Pardo;-;4;85;320;360;199;42;6;-;3;1;-;-;1020
354980 São José do Rio Preto;-;637;1632;4049;7237;5653;1998;524;304;119;153;176;322;22804
354990 São José dos Campos;-;118;721;3901;5379;3641;586;41;14;18;23;42;94;14578
354995 São Lourenço da Serra;-;-;-;4;7;-;-;-;-;-;-;-;-;11
355000 São Luís do Paraitinga;-;-;-;2;2;-;-;-;-;-;-;-;-;4
355010 São Manuel;-;1;22;139;132;35;4;1;-;-;2;-;-;336
355020 São Miguel Arcanjo;-;1;2;11;3;5;-;-;-;-;-;-;-;22
355030 São Paulo;-;789;6106;21162;11121;4177;619;205;70;36;53;75;179;44592
355040 São Pedro;-;6;21;108;137;71;12;1;-;-;-;-;-;356
355050 São Pedro do Turvo;-;16;103;112;3;-;-;-;-;-;-;-;-;234
355060 São Roque;-;6;46;183;213;61;4;-;-;-;-;3;4;520
355070 São Sebastião;-;75;299;2067;1705;559;80;6;2;-;1;4;3;4801
355080 São Sebastião da Grama;-;2;-;5;3;3;-;-;-;-;1;-;-;14
355090 São Simão;-;-;6;37;63;117;26;4;-;-;1;5;29;288
355100 São Vicente;-;8;24;91;165;306;94;7;6;1;1;2;5;710
355110 Sarapuí;-;-;3;3;30;5;-;-;-;-;-;-;-;41
355120 Sarutaiá;-;-;-;-;3;-;-;-;-;-;-;-;-;3
355130 Sebastianópolis do Sul;-;1;3;3;2;1;1;-;-;-;-;-;-;11
355140 Serra Azul;-;3;5;25;41;86;13;2;-;-;1;1;-;177
355160 Serra Negra;-;2;18;56;40;14;1;-;-;-;1;1;-;133
355150 Serrana;-;6;24;74;142;97;13;9;3;5;4;2;17;396
355170 Sertãozinho;-;19;17;63;143;152;84;22;8;19;19;46;370;962
355180 Sete Barras;-;2;1;2;1;1;-;-;-;-;-;-;-;7
355190 Severínia;-;18;34;72;41;10;4;-;-;-;-;-;1;180
355200 Silveiras;-;-;2;2;2;1;-;-;-;-;-;-;-;7
355210 Socorro;-;3;18;138;213;111;17;1;-;-;1;-;1;503
355220 Sorocaba;-;2549;15297;24760;13079;1608;130;14;7;3;2;5;20;57474
355230 Sud Mennucci;-;4;57;110;60;63;5;3;-;-;1;4;5;312
355240 Sumaré;-;941;2603;5357;3811;1010;145;15;4;8;32;62;60;14048
355255 Suzanápolis;-;4;2;48;45;43;10;2;-;-;-;1;3;158
355250 Suzano;-;3;8;74;169;95;23;3;-;-;-;3;16;394
355260 Tabapuã;-;43;162;205;129;125;25;1;-;-;-;-;-;690
355270 Tabatinga;-;1;8;151;86;58;9;5;1;-;-;-;-;319
355280 Taboão da Serra;-;1;42;830;1312;481;60;1;-;1;-;1;1;2730
355290 Taciba;-;-;1;2;4;-;-;-;-;-;-;-;-;7
355300 Taguaí;-;-;-;1;8;9;2;-;-;-;-;-;-;20
355310 Taiaçu;-;-;1;19;15;25;7;-;3;2;4;5;1;82
355320 Taiúva;-;-;3;14;15;8;4;4;5;-;-;1;9;63
355330 Tambaú;-;10;53;409;836;346;43;9;-;2;1;-;3;1712
355340 Tanabi;-;256;689;441;215;134;26;1;4;-;5;3;12;1786
355350 Tapiraí;-;-;-;-;2;-;-;-;-;-;-;-;-;2
355360 Tapiratiba;-;2;29;92;91;43;1;-;-;-;-;-;-;258
355365 Taquaral;-;-;1;8;7;1;-;-;-;-;-;-;-;17
355370 Taquaritinga;-;3;15;40;177;143;43;19;5;3;5;16;32;501
355380 Taquarituba;-;-;-;18;19;8;-;-;-;-;-;-;-;45
355390 Tarabai;-;-;1;14;20;4;1;-;-;-;-;-;1;41
355395 Tarumã;-;137;112;45;2;4;2;2;-;1;-;-;2;307
355400 Tatuí;-;2;28;106;163;133;25;3;-;-;1;-;1;462
355410 Taubaté;-;59;90;506;959;586;192;20;4;7;14;27;70;2534
355430 Teodoro Sampaio;-;2;7;29;44;20;2;-;-;1;-;6;3;114
355440 Terra Roxa;-;-;1;44;41;13;7;2;1;-;-;-;-;109
355450 Tietê;-;5;15;62;95;71;8;2;-;-;-;-;2;260
355460 Timburi;-;-;-;1;-;-;-;-;-;-;-;-;-;1
355465 Torre de Pedra;-;-;-;-;-;-;1;-;-;-;-;-;-;1
355470 Torrinha;-;-;5;14;7;-;-;-;-;-;-;-;-;26
355475 Trabiju;-;131;5;-;1;-;-;-;-;-;-;-;4;141
355480 Tremembé;-;5;10;54;77;45;13;2;3;5;9;29;52;304
355490 Três Fronteiras;-;2;12;46;78;20;3;4;3;3;-;-;-;171
355495 Tuiuti;-;-;2;3;3;2;1;1;-;-;-;-;-;12
355500 Tupã;-;58;168;698;871;391;184;25;9;5;3;1;3;2416
355510 Tupi Paulista;-;9;114;252;230;73;7;1;-;-;1;-;-;687
355520 Turiúba;-;1;2;24;39;7;4;4;-;-;-;1;-;82
355530 Turmalina;-;-;3;20;2;2;8;4;1;-;-;-;-;40
355535 Ubarana;-;2;15;54;100;30;12;13;5;1;1;-;-;233
355540 Ubatuba;-;102;79;370;819;652;307;3;2;4;2;4;8;2352
355550 Ubirajara;-;81;45;6;-;-;-;-;-;-;-;-;-;132
355560 Uchoa;-;6;74;176;93;35;5;1;-;-;1;-;1;392
355570 União Paulista;-;-;-;-;-;3;-;-;-;-;-;-;-;3
355580 Urânia;-;10;94;245;268;112;40;4;2;33;13;2;1;824
355590 Uru;-;10;2;10;2;-;-;-;-;-;-;1;-;25
355600 Urupês;-;-;4;10;7;14;1;1;-;1;-;-;-;38
355610 Valentim Gentil;-;8;24;17;25;18;2;12;8;4;-;2;3;123
355620 Valinhos;-;11;195;447;364;87;10;3;-;1;1;1;3;1123
355630 Valparaíso;-;25;26;70;134;103;36;5;2;-;2;-;10;413
355635 Vargem;-;1;-;1;-;1;-;-;-;-;-;-;-;3
355640 Vargem Grande do Sul;-;6;26;273;291;111;40;13;2;-;-;-;1;763
355645 Vargem Grande Paulista;-;1;14;27;34;12;2;-;-;-;-;-;-;90
355650 Várzea Paulista;-;22;183;648;614;154;15;3;2;-;-;-;-;1641
355660 Vera Cruz;-;13;124;178;59;6;1;-;-;-;-;-;1;382
355670 Vinhedo;-;20;157;402;297;82;5;-;-;-;-;-;3;966
355680 Viradouro;-;40;71;62;6;1;4;2;-;-;1;-;3;190
355690 Vista Alegre do Alto;-;1;22;51;25;9;5;1;4;-;-;-;-;118
355695 Vitória Brasil;-;-;1;2;8;1;-;-;-;-;-;10;29;51
355700 Votorantim;-;57;380;864;173;105;8;3;-;1;-;1;3;1595
355710 Votuporanga;-;106;164;168;362;328;96;38;12;8;13;21;19;1335
355715 Zacarias;-;6;53;94;8;2;2;-;-;-;-;-;1;166
410010 Abatiá;-;-;-;-;-;-;-;2;-;-;-;-;-;2
410140 Apucarana;-;-;-;-;-;1;-;-;-;-;-;-;-;1
410210 Astorga;-;-;1;-;-;-;-;-;-;-;-;-;-;1
410240 Bandeirantes;-;-;-;-;3;-;-;-;-;-;-;-;-;3
410250 Barbosa Ferraz;-;1;-;-;-;-;-;-;-;-;-;-;-;1
410360 Cambará;-;-;-;-;1;-;-;-;-;-;-;-;-;1
410430 Campo Mourão;-;-;-;-;-;-;1;-;-;-;-;-;-;1
410470 Carlópolis;-;-;-;-;-;-;1;-;-;-;-;-;-;1
410480 Cascavel;-;-;1;1;-;-;-;-;-;-;-;-;-;2
410490 Castro;-;-;-;-;1;-;-;-;-;-;-;-;-;1
410510 Centenário do Sul;-;-;-;-;1;-;-;-;-;-;-;-;-;1
410550 Cianorte;-;1;-;-;-;-;-;-;-;-;-;-;-;1
410590 Colorado;-;-;-;-;1;-;-;-;-;-;-;-;-;1
410670 Cruzeiro do Sul;-;-;-;-;-;1;-;-;-;-;-;-;-;1
410690 Curitiba;-;-;-;3;2;2;-;-;-;-;1;1;1;10
410830 Foz do Iguaçu;-;-;2;-;1;-;-;-;-;-;-;-;-;3
410880 Guaíra;-;-;-;-;-;1;-;-;-;-;-;-;-;1
410960 Guaratuba;-;-;1;-;-;-;-;-;-;-;-;-;-;1
411100 Itambaracá;-;-;-;1;-;-;-;-;-;-;-;-;-;1
411110 Itambé;-;-;-;1;-;-;-;-;-;-;-;-;-;1
411170 Jaboti;-;-;1;-;-;-;-;-;-;-;-;-;-;1
411180 Jacarezinho;-;-;-;1;-;-;-;-;-;-;-;-;-;1
411200 Jaguariaíva;-;-;-;-;-;1;-;-;-;-;-;-;-;1
411270 Jataizinho;-;-;1;-;-;-;-;-;-;-;-;-;-;1
411350 Loanda;-;1;-;-;-;-;-;-;-;-;-;-;-;1
411370 Londrina;-;3;4;2;1;1;1;-;-;-;-;-;-;12
411470 Maria Helena;-;-;-;-;-;1;-;-;-;-;-;-;-;1
411480 Marialva;-;-;-;1;-;-;-;-;-;-;-;-;-;1
411520 Maringá;-;-;1;4;2;2;-;-;-;-;-;-;-;9
411690 Nova Esperança;-;-;-;1;-;-;-;-;-;-;-;-;-;1
411840 Paranavaí;-;-;-;1;-;-;-;-;-;-;-;-;-;1
412000 Porecatu;-;-;-;-;1;-;-;-;-;-;-;-;-;1
412060 Prudentópolis;-;-;1;-;-;-;-;-;-;-;-;-;-;1
412180 Ribeirão Claro;-;-;-;1;-;-;-;-;-;-;-;-;-;1
412240 Rolândia;-;-;-;-;2;-;-;-;-;-;-;-;-;2
412310 Santa Amélia;-;-;1;-;-;-;-;-;-;-;-;-;-;1
412390 Santa Mariana;-;1;-;-;-;-;-;-;-;-;-;-;-;1
412410 Santo Antônio da Platina;-;-;1;-;1;-;-;-;-;-;-;-;-;2
412490 São João do Caiuá;-;3;-;-;-;-;-;-;-;-;-;-;-;3
412590 São Pedro do Paraná;-;-;-;-;-;1;-;-;-;-;-;-;-;1
412660 Siqueira Campos;-;-;-;1;-;-;-;-;-;-;-;-;-;1
412710 Telêmaco Borba;-;-;-;-;1;-;-;-;-;-;-;-;-;1
412730 Terra Rica;-;-;1;-;1;-;-;-;-;-;-;-;-;2
412740 Terra Roxa;-;1;-;-;-;-;1;-;-;-;-;-;-;2
412810 Umuarama;-;1;-;-;-;-;-;-;-;-;-;-;-;1
420200 Balneário Camboriú;-;2;-;1;-;-;-;-;-;-;-;-;-;3
420209 Barra Bonita;-;-;-;-;-;1;-;-;-;-;-;-;-;1
420320 Camboriú;-;2;-;-;-;1;-;-;-;-;-;-;-;3
420460 Criciúma;-;-;1;-;-;-;-;-;-;-;-;-;-;1
420540 Florianópolis;-;1;2;1;2;2;-;-;-;-;-;-;-;8
420820 Itajaí;-;-;-;1;2;-;-;-;-;-;-;-;-;3
420910 Joinville;-;-;-;1;-;-;-;-;-;-;-;-;-;1
431020 Ijuí;-;-;-;1;-;-;-;-;-;-;-;-;-;1
500020 Água Clara;-;-;1;2;-;-;-;-;-;-;1;-;-;4
500070 Anastácio;-;-;-;-;-;-;1;-;-;-;-;-;-;1
500100 Aparecida do Taboado;-;1;-;1;1;1;-;-;-;1;-;-;1;6
500110 Aquidauana;-;-;-;1;-;-;-;-;1;-;-;-;-;2
500190 Bataguassu;-;-;1;1;1;2;-;-;-;-;1;-;-;6
500220 Bonito;-;1;-;-;-;-;-;-;-;-;-;1;1;3
500230 Brasilândia;-;-;2;3;1;2;-;-;-;-;-;1;-;9
500240 Caarapó;-;-;-;-;-;-;-;-;-;1;-;-;-;1
500270 Campo Grande;-;3;2;5;3;-;-;-;1;-;1;1;6;22
500290 Cassilândia;-;1;-;-;-;-;-;1;-;-;-;-;1;3
500295 Chapadão do Sul;-;-;-;2;-;-;-;-;-;-;-;-;-;2
500320 Corumbá;-;1;-;-;-;-;-;-;-;-;-;-;-;1
500325 Costa Rica;-;1;-;-;1;-;-;1;-;-;-;-;-;3
500330 Coxim;-;-;-;-;-;-;-;-;-;-;-;1;-;1
500370 Dourados;-;-;4;1;1;-;1;-;-;-;-;2;1;10
500400 Glória de Dourados;-;-;-;-;1;-;1;-;-;-;-;-;-;2
500440 Inocência;-;-;-;-;-;-;-;-;1;-;-;-;-;1
500460 Itaquiraí;-;1;1;1;-;-;-;-;-;-;-;-;-;3
500500 Jardim;-;-;-;1;-;-;-;-;-;-;-;-;-;1
500540 Maracaju;-;-;-;-;-;-;-;-;-;-;-;-;2;2
500570 Naviraí;-;1;-;-;-;-;-;-;-;-;-;-;-;1
500600 Nova Alvorada do Sul;-;-;-;2;-;-;-;-;-;-;-;-;-;2
500620 Nova Andradina;-;-;-;1;1;-;-;-;-;-;-;-;-;2
500630 Paranaíba;-;-;-;-;-;1;-;-;-;-;-;-;-;1
500660 Ponta Porã;-;-;-;-;-;-;-;2;-;-;-;-;1;3
500690 Porto Murtinho;-;-;-;-;-;-;-;-;-;-;-;-;1;1
500710 Ribas do Rio Pardo;-;-;-;-;-;-;-;-;-;-;-;-;3;3
500755 Santa Rita do Pardo;-;-;-;-;-;-;-;-;-;-;-;1;-;1
500780 Selvíria;-;1;-;-;-;-;-;-;1;-;-;-;-;2
500770 Sete Quedas;-;1;-;-;-;-;-;-;-;-;-;-;-;1
500830 Três Lagoas;-;3;5;4;4;4;-;-;-;-;-;-;-;20
510190 Brasnorte;-;-;-;-;-;1;-;-;-;-;-;-;-;1
510260 Campinápolis;-;-;-;-;-;-;-;-;-;-;-;-;1;1
510340 Cuiabá;-;2;-;3;3;-;1;-;-;-;-;-;1;10
510480 Jaciara;-;-;1;-;-;-;-;-;-;-;-;-;-;1
510562 Mirassol d'Oeste;-;-;-;-;-;-;-;-;-;-;-;-;1;1
510625 Nova Xavantina;-;1;-;-;-;-;-;-;-;-;-;-;-;1
510637 Pedra Preta;-;-;1;-;-;-;-;-;-;-;-;1;-;2
510682 Porto Esperidião;-;1;-;-;-;-;-;-;-;-;-;-;-;1
510706 Querência;-;-;-;-;-;-;-;1;-;-;-;-;-;1
510760 Rondonópolis;-;-;-;-;-;-;-;-;-;-;-;1;1;2
510777 Santa Terezinha;-;-;-;-;1;-;-;-;-;-;-;-;-;1
510790 Sinop;-;-;-;-;-;-;-;-;-;-;-;1;-;1
520110 Anápolis;-;-;-;-;1;-;-;-;-;-;-;-;1;2
520350 Bom Jesus de Goiás;-;-;1;-;-;-;-;-;-;-;-;-;-;1
520450 Caldas Novas;-;9;1;-;1;1;-;-;-;-;1;-;2;15
520510 Catalão;-;1;-;-;-;-;-;-;-;-;-;-;-;1
520547 Chapadão do Céu;-;-;1;-;-;-;-;-;-;-;-;-;-;1
520725 Doverlândia;-;-;1;-;-;-;-;-;-;-;-;-;-;1
520800 Formosa;-;-;-;-;1;-;-;-;-;-;-;-;-;1
520860 Goianésia;-;1;1;-;-;-;-;-;-;-;-;-;-;2
520870 Goiânia;-;6;5;6;6;-;2;-;1;-;-;1;-;27
520890 Goiás;-;-;-;1;2;1;-;-;-;-;-;-;-;4
521150 Itumbiara;-;-;-;-;-;1;-;-;-;-;-;-;-;1
521190 Jataí;-;-;1;-;-;-;-;-;-;-;-;-;-;1
521380 Morrinhos;-;-;-;-;1;-;-;-;-;-;-;-;-;1
521405 Mundo Novo;-;1;-;-;-;-;-;-;-;-;-;-;-;1
521570 Palmeiras de Goiás;-;-;1;-;-;-;-;-;-;-;-;-;-;1
521630 Paranaiguara;-;-;-;-;-;-;-;-;-;-;-;-;1;1
521730 Pirenópolis;-;-;-;-;-;1;-;-;-;-;1;-;-;2
521810 Portelândia;-;1;-;-;-;-;-;-;-;-;-;-;-;1
521850 Quirinópolis;-;-;-;-;-;-;-;-;-;2;-;-;-;2
521880 Rio Verde;-;-;-;-;-;1;-;-;-;-;-;-;-;1
521890 Rubiataba;-;-;1;-;-;-;-;-;-;-;-;-;-;1
521971 Santo Antônio da Barra;-;-;-;1;-;-;-;-;-;-;-;-;-;1
522045 Senador Canedo;-;1;-;-;-;-;-;-;-;-;-;-;-;1
522140 Trindade;-;1;-;1;2;1;-;-;-;-;-;-;-;5
522205 Vicentinópolis;-;1;-;-;-;-;-;-;-;-;-;-;-;1
530010 Brasília;-;-;3;3;-;-;-;-;-;-;-;-;-;6
000000 Ignorado ou exterior;-;4085;12113;31643;23712;9871;1894;597;421;388;571;1322;3031;89648
000000 Total;1;45994;123820;251725;201948;84244;17824;3888;2177;1625;2131;4219;10364;749960
