DENGUE - Notificações registradas no Sistema de Informação de Agravos de Notificação - São Paulo;;;;;;
Casos Prováveis por Município infecção e Evolução;;;;;;
Período:2016;;;;;;
Município infecção;Ign/Branco;Cura;Óbito pelo agravo notificado;Óbito por outra causa;Óbito em investigação;Total
110070 Campo Novo de Rondônia;-;1;-;-;-;1
110020 Porto Velho;-;3;-;-;-;3
110028 Rolim de Moura;-;1;-;-;-;1
110030 Vilhena;-;2;-;-;-;2
130260 Manaus;-;1;-;-;-;1
140023 Caroebe;-;1;-;-;-;1
150140 Belém;1;6;-;-;-;7
150420 Marabá;-;2;-;-;-;2
150613 Redenção;-;1;-;-;-;1
150810 Tucuruí;-;1;-;-;-;1
150000 Município ignorado - PA;-;1;-;-;-;1
170035 Aliança do Tocantins;-;1;-;-;-;1
170200 Araguaçu;-;1;-;-;-;1
170600 Couto Magalhães;-;1;-;-;-;1
172100 Palmas;-;2;-;-;-;2
210530 Imperatriz;1;1;-;-;-;2
211130 São Luís;-;3;-;-;-;3
221100 Teresina;-;1;-;-;-;1
230160 Assaré;-;1;-;-;-;1
230360 Catarina;-;1;-;-;-;1
230365 Catunda;-;1;-;-;-;1
230440 Fortaleza;2;10;-;-;-;12
230660 Itatira;-;1;-;-;-;1
230670 Jaguaretama;-;1;-;-;-;1
230710 Jardim;-;1;-;-;-;1
230730 Juazeiro do Norte;-;4;-;-;-;4
230765 Maracanaú;1;-;-;-;-;1
231190 Saboeiro;-;1;-;-;-;1
231230 São Benedito;2;4;-;-;-;6
240580 João Câmara;-;1;-;-;-;1
240810 Natal;1;8;-;-;-;9
240910 Passa e Fica;-;1;-;-;-;1
241250 São Miguel;-;3;-;-;-;3
250100 Araruna;-;1;-;-;-;1
250130 Aroeiras;1;-;-;-;-;1
250350 Cacimba de Dentro;1;-;-;-;-;1
250430 Catolé do Rocha;-;1;-;-;-;1
250750 João Pessoa;-;4;-;-;-;4
250970 Monteiro;-;1;-;-;-;1
251230 Princesa Isabel;-;1;-;-;-;1
251320 Santa Cruz;-;1;-;-;-;1
250000 Município ignorado - PB;-;3;-;-;-;3
260030 Agrestina;-;1;-;-;-;1
260050 Águas Belas;-;2;-;-;-;2
260120 Arcoverde;1;1;-;-;-;2
260160 Belém do São Francisco;-;1;-;-;-;1
260210 Bom Conselho;-;1;-;-;-;1
260260 Brejo da Madre de Deus;-;1;-;-;-;1
260320 Caetés;-;1;-;-;-;1
260330 Calçado;-;1;-;-;-;1
260400 Carpina;-;1;-;-;-;1
260410 Caruaru;2;-;-;-;-;2
260500 Cupira;-;2;-;-;-;2
260580 Frei Miguelinho;-;1;-;-;-;1
260640 Gravatá;-;1;-;-;-;1
260720 Ipojuca;-;2;-;-;-;2
260780 Itaquitinga;-;1;-;-;-;1
260790 Jaboatão dos Guararapes;-;1;-;-;-;1
260810 João Alfredo;1;-;-;-;-;1
260840 Jurema;-;1;-;-;-;1
260850 Lagoa de Itaenga;-;1;-;-;-;1
260960 Olinda;-;2;-;-;-;2
261090 Pesqueira;-;2;-;-;-;2
261110 Petrolina;2;-;-;-;-;2
261120 Poção;-;1;-;-;-;1
261160 Recife;4;16;-;-;-;20
261300 São Bento do Una;1;3;-;-;-;4
261360 São José do Egito;1;1;-;-;-;2
261390 Serra Talhada;-;1;-;-;-;1
261460 Tabira;-;3;-;-;-;3
261480 Tacaratu;-;1;-;-;-;1
261550 Tracunhaém;-;2;-;-;-;2
261618 Vertente do Lério;1;-;-;-;-;1
261640 Vitória de Santo Antão;1;-;-;-;-;1
260000 Município ignorado - PE;-;2;-;-;-;2
270010 Água Branca;1;-;-;-;-;1
270030 Arapiraca;-;1;-;-;-;1
270120 Cacimbinhas;1;-;-;-;-;1
270135 Campestre;-;1;-;-;-;1
270430 Maceió;-;2;-;-;-;2
270460 Maravilha;-;1;-;-;-;1
270690 Pilar;-;1;-;-;-;1
270770 Rio Largo;-;1;-;-;-;1
270840 São José da Tapera;-;1;-;-;-;1
270850 São Luís do Quitunde;-;4;-;-;-;4
270880 São Sebastião;-;1;-;-;-;1
270895 Senador Rui Palmeira;-;1;-;-;-;1
270910 Taquarana;1;-;-;-;-;1
280030 Aracaju;1;-;-;-;-;1
280310 Itabi;-;1;-;-;-;1
280740 Tobias Barreto;-;1;-;-;-;1
290040 Água Fria;-;1;-;-;-;1
290280 Barra da Estiva;-;1;-;-;-;1
290350 Belo Campo;-;1;-;-;-;1
290390 Bom Jesus da Lapa;-;1;-;-;-;1
290420 Botuporã;-;1;-;-;-;1
290570 Camaçari;-;1;-;-;-;1
290720 Casa Nova;1;-;-;-;-;1
291080 Feira de Santana;-;1;-;-;-;1
291150 Gongogi;1;-;-;-;-;1
291170 Guanambi;-;3;-;-;-;3
291210 Ibicaraí;-;1;-;-;-;1
291360 Ilhéus;-;4;-;-;-;4
291480 Itabuna;-;2;-;-;-;2
291640 Itapetinga;-;1;-;-;-;1
291680 Itarantim;1;-;-;-;-;1
291710 Itororó;1;1;-;-;-;2
291733 Iuiú;-;1;-;-;-;1
291750 Jacobina;-;2;-;-;-;2
292010 Mairi;-;1;-;-;-;1
292270 Nova Canaã;-;1;-;-;-;1
292450 Pindaí;-;2;-;-;-;2
292470 Piripá;1;-;-;-;-;1
292530 Porto Seguro;-;10;-;-;-;10
292670 Rio de Contas;-;1;-;-;-;1
292690 Rio do Pires;-;1;-;-;-;1
292740 Salvador;-;11;-;-;-;11
292860 Santo Amaro;-;1;-;-;-;1
292870 Santo Antônio de Jesus;-;2;-;-;-;2
293015 Serra do Ramalho;-;1;-;-;-;1
293070 Simões Filho;-;1;-;-;-;1
293105 Tanque Novo;-;1;-;-;-;1
293135 Teixeira de Freitas;-;1;-;-;-;1
293180 Tremedal;-;1;-;-;-;1
293330 Vitória da Conquista;1;7;-;-;-;8
290000 Município ignorado - BA;-;2;-;-;-;2
310060 Água Boa;-;1;-;-;-;1
310070 Água Comprida;-;1;-;-;-;1
310160 Alfenas;-;7;-;-;-;7
310190 Alpinópolis;-;1;-;-;-;1
310260 Andradas;-;1;-;-;-;1
310350 Araguari;-;1;-;-;-;1
310360 Arantina;-;1;-;-;-;1
310430 Areado;-;1;-;-;-;1
310480 Augusto de Lima;-;1;-;-;-;1
310490 Baependi;-;1;-;-;-;1
310500 Baldim;-;1;-;-;-;1
310600 Bela Vista de Minas;1;1;-;-;-;2
310620 Belo Horizonte;5;57;-;-;-;62
310670 Betim;3;-;-;-;-;3
310730 Bocaiúva;1;-;-;-;-;1
310750 Bom Jardim de Minas;-;1;-;-;-;1
310830 Borda da Mata;-;1;-;-;-;1
310860 Brasília de Minas;-;1;-;-;-;1
310890 Brazópolis;-;1;-;-;-;1
311050 Camanducaia;1;-;-;-;-;1
311130 Campo do Meio;-;1;-;-;-;1
311270 Capitão Enéas;-;1;-;-;-;1
311320 Carandaí;-;1;-;-;-;1
311340 Caratinga;-;3;-;-;-;3
311455 Carneirinho;-;1;-;-;-;1
311530 Cataguases;-;2;-;-;-;2
311547 Catuti;-;1;-;-;-;1
311570 Central de Minas;-;1;-;-;-;1
311650 Claro dos Poções;-;1;-;-;-;1
311660 Cláudio;1;1;-;-;-;2
311670 Coimbra;-;2;-;-;-;2
311730 Conceição das Alagoas;-;1;-;-;-;1
311770 Conceição do Rio Verde;-;2;-;-;-;2
311860 Contagem;1;8;-;-;-;9
311910 Corinto;-;5;-;-;-;5
311930 Coromandel;-;1;-;-;-;1
312090 Curvelo;-;2;-;-;-;2
312110 Delfim Moreira;-;1;-;-;-;1
312190 Divinésia;-;2;-;-;-;2
312230 Divinópolis;-;3;-;-;-;3
312240 Divisa Nova;1;-;-;-;-;1
312410 Esmeraldas;1;2;-;-;-;3
312430 Espinosa;-;1;-;-;-;1
312510 Extrema;-;1;-;-;-;1
312520 Fama;1;1;-;-;-;2
312640 Fortuna de Minas;-;1;-;-;-;1
312700 Fronteira;1;30;-;-;-;31
312710 Frutal;2;3;-;-;-;5
312770 Governador Valadares;-;5;-;-;-;5
312830 Guaranésia;-;3;-;-;-;3
312870 Guaxupé;-;1;-;-;-;1
312880 Guidoval;-;1;-;-;-;1
312930 Iapu;-;1;-;-;-;1
312970 Ibiraci;-;1;-;-;-;1
312980 Ibirité;-;1;-;-;-;1
313090 Inhapim;-;1;-;-;-;1
313100 Inhaúma;-;1;-;-;-;1
313130 Ipatinga;-;2;-;-;-;2
313240 Itajubá;-;4;-;-;-;4
313300 Itamonte;-;1;-;-;-;1
313320 Itanhomi;1;-;-;-;-;1
313340 Itapagipe;-;2;-;-;-;2
313420 Ituiutaba;-;1;-;-;-;1
313440 Iturama;-;11;-;-;-;11
313480 Jacuí;1;-;-;-;-;1
313490 Jacutinga;-;1;-;-;-;1
313570 Jequitibá;-;1;-;-;-;1
313620 João Monlevade;-;1;-;-;-;1
313670 Juiz de Fora;1;9;-;-;-;10
313760 Lagoa Santa;-;1;-;-;-;1
313820 Lavras;2;-;-;-;-;2
313920 Malacacheta;-;1;-;-;-;1
314000 Mariana;-;1;-;-;-;1
314053 Martins Soares;-;2;-;-;-;2
314140 Medina;1;1;-;-;-;2
314180 Minas Novas;-;4;-;-;-;4
314290 Monte Azul;1;2;-;-;-;3
314300 Monte Belo;-;1;-;-;-;1
314320 Monte Santo de Minas;-;1;-;-;-;1
314330 Montes Claros;1;4;-;-;-;5
314390 Muriaé;1;1;-;-;-;2
314520 Nova Serrana;-;1;-;-;-;1
314600 Ouro Fino;-;1;-;-;-;1
314620 Ouro Verde de Minas;2;-;-;-;-;2
314625 Padre Carvalho;-;1;-;-;-;1
314710 Pará de Minas;-;3;-;-;-;3
314700 Paracatu;-;2;-;-;-;2
314730 Paraisópolis;-;1;-;-;-;1
314760 Passa Quatro;-;1;-;-;-;1
314790 Passos;-;2;-;-;-;2
314795 Patis;-;1;-;-;-;1
314930 Pedro Leopoldo;-;1;-;-;-;1
314980 Perdizes;-;1;-;-;-;1
315070 Pirajuba;-;1;-;-;-;1
315090 Piranguçu;-;1;-;-;-;1
315120 Pirapora;-;2;-;-;-;2
315180 Poços de Caldas;-;2;-;-;-;2
315200 Pompéu;1;3;-;-;-;4
315210 Ponte Nova;-;3;-;-;-;3
315250 Pouso Alegre;-;1;-;-;-;1
315260 Pouso Alto;-;1;-;-;-;1
315280 Prata;-;1;-;-;-;1
315410 Recreio;1;1;-;-;-;2
315460 Ribeirão das Neves;-;2;-;-;-;2
315510 Rio do Prado;-;1;-;-;-;1
315580 Rio Pomba;-;1;-;-;-;1
315690 Sacramento;2;2;-;-;-;4
315727 Santa Bárbara do Monte Verde;-;2;-;-;-;2
315737 Santa Cruz de Salinas;-;1;-;-;-;1
315900 Santana do Riacho;1;-;-;-;-;1
316060 Santo Hipólito;-;1;-;-;-;1
316250 São João del Rei;-;3;-;-;-;3
316400 São Pedro dos Ferros;-;1;-;-;-;1
316470 São Sebastião do Paraíso;1;-;-;-;-;1
316520 São Thomé das Letras;-;1;-;-;-;1
316540 Sapucaí-Mirim;-;1;-;-;-;1
316570 Senador Firmino;-;1;-;-;-;1
316600 Senhora de Oliveira;-;1;-;-;-;1
316720 Sete Lagoas;1;1;-;-;-;2
316790 Tabuleiro;-;1;-;-;-;1
316860 Teófilo Otoni;1;1;-;-;-;2
316870 Timóteo;-;1;-;-;-;1
316900 Tocantins;-;2;-;-;-;2
316960 Tupaciguara;-;1;-;-;-;1
316970 Turmalina;-;1;-;-;-;1
316990 Ubá;1;19;-;-;-;20
317010 Uberaba;4;16;-;-;-;20
317020 Uberlândia;2;6;-;-;-;8
317057 Vargem Alegre;-;1;-;-;-;1
317070 Varginha;1;-;-;-;-;1
317130 Viçosa;1;1;-;-;-;2
317170 Virgínia;-;1;-;-;-;1
317200 Visconde do Rio Branco;2;4;-;-;-;6
310000 Município ignorado - MG;-;3;-;-;-;3
320100 Boa Esperança;-;1;-;-;-;1
320110 Bom Jesus do Norte;1;-;-;-;-;1
320130 Cariacica;-;1;-;-;-;1
320240 Guarapari;-;3;-;-;-;3
320313 João Neiva;-;1;-;-;-;1
320490 São Mateus;-;1;-;-;-;1
320500 Serra;-;1;-;-;-;1
320530 Vitória;2;2;-;-;-;4
330010 Angra dos Reis;1;-;-;-;-;1
330020 Araruama;-;1;-;-;-;1
330025 Arraial do Cabo;-;3;-;-;-;3
330030 Barra do Piraí;-;1;-;-;-;1
330040 Barra Mansa;-;1;-;-;-;1
330045 Belford Roxo;-;1;-;-;-;1
330070 Cabo Frio;2;4;-;-;-;6
330100 Campos dos Goytacazes;-;1;-;-;-;1
330140 Conceição de Macabu;-;1;-;-;-;1
330150 Cordeiro;-;1;-;-;-;1
330190 Itaboraí;-;2;-;-;-;2
330200 Itaguaí;-;1;-;-;-;1
330225 Itatiaia;-;1;-;-;-;1
330240 Macaé;-;1;-;-;-;1
330260 Mangaratiba;-;2;-;-;-;2
330310 Natividade;-;1;-;-;-;1
330320 Nilópolis;-;1;-;-;-;1
330330 Niterói;-;2;-;-;-;2
330340 Nova Friburgo;-;1;-;-;-;1
330350 Nova Iguaçu;-;1;-;-;-;1
330380 Paraty;-;2;-;-;-;2
330390 Petrópolis;-;2;-;-;-;2
330452 Rio das Ostras;-;2;-;-;-;2
330455 Rio de Janeiro;3;71;-;-;-;74
330490 São Gonçalo;1;-;-;-;-;1
330540 Sapucaia;-;1;-;-;-;1
330555 Seropédica;-;1;-;-;-;1
330600 Três Rios;-;1;-;-;-;1
330615 Varre-Sai;-;1;-;-;-;1
330630 Volta Redonda;-;1;-;-;-;1
350010 Adamantina;1;103;-;-;-;104
350020 Adolfo;-;123;-;-;-;123
350030 Aguaí;1;20;-;-;-;21
350040 Águas da Prata;-;1;-;-;-;1
350050 Águas de Lindóia;-;16;-;-;-;16
350055 Águas de Santa Bárbara;-;1;-;-;-;1
350060 Águas de São Pedro;-;6;-;-;-;6
350070 Agudos;-;48;-;-;-;48
350080 Alfredo Marcondes;-;7;-;-;-;7
350090 Altair;1;4;-;-;-;5
350100 Altinópolis;2;11;-;1;-;14
350110 Alto Alegre;-;2;-;-;-;2
350115 Alumínio;-;25;-;-;-;25
350120 Álvares Florence;1;18;-;-;-;19
350130 Álvares Machado;36;275;1;-;-;312
350140 Álvaro de Carvalho;1;-;-;-;-;1
350160 Americana;206;871;1;-;-;1078
350170 Américo Brasiliense;-;143;-;-;-;143
350180 Américo de Campos;-;15;-;-;-;15
350190 Amparo;1;28;-;-;-;29
350200 Analândia;-;1;-;-;-;1
350210 Andradina;3;1428;1;1;-;1433
350220 Angatuba;2;101;-;-;-;103
350230 Anhembi;-;2;-;-;-;2
350240 Anhumas;-;51;-;-;-;51
350250 Aparecida;2;61;-;-;-;63
350260 Aparecida d'Oeste;4;70;-;-;-;74
350270 Apiaí;1;-;-;-;-;1
350275 Araçariguama;-;15;-;-;-;15
350280 Araçatuba;2;713;-;-;-;715
350290 Araçoiaba da Serra;1;6;-;-;-;7
350300 Aramina;1;17;-;-;-;18
350320 Araraquara;1;1799;-;-;-;1800
350330 Araras;2;400;-;-;-;402
350335 Arco-Íris;-;5;-;-;-;5
350340 Arealva;-;17;-;-;-;17
350350 Areias;-;1;-;-;-;1
350360 Areiópolis;-;2;-;-;-;2
350370 Ariranha;-;16;-;-;-;16
350380 Artur Nogueira;7;43;-;-;-;50
350390 Arujá;5;17;-;-;-;22
350395 Aspásia;-;2;-;-;-;2
350400 Assis;1;135;-;-;-;136
350410 Atibaia;64;20;1;-;-;85
350420 Auriflama;6;104;-;-;-;110
350430 Avaí;-;1;-;-;-;1
350440 Avanhandava;13;-;-;-;-;13
350450 Avaré;1;8;-;-;-;9
350460 Bady Bassitt;14;151;-;-;-;165
350470 Balbinos;-;1;-;-;-;1
350480 Bálsamo;-;80;-;-;-;80
350490 Bananal;-;12;-;-;-;12
350510 Barbosa;-;5;-;-;-;5
350520 Bariri;-;9;-;-;-;9
350530 Barra Bonita;-;18;-;-;-;18
350550 Barretos;14;826;-;1;-;841
350560 Barrinha;4;16;-;-;-;20
350570 Barueri;3;37;-;-;-;40
350580 Bastos;3;86;-;-;-;89
350590 Batatais;8;4242;1;-;-;4251
350600 Bauru;3;1402;1;-;-;1406
350610 Bebedouro;-;98;-;-;-;98
350620 Bento de Abreu;-;2;-;-;-;2
350630 Bernardino de Campos;1;1;-;-;-;2
350635 Bertioga;7;824;-;-;-;831
350640 Bilac;52;286;-;-;-;338
350650 Birigui;125;4088;2;-;-;4215
350660 Biritiba-Mirim;-;16;-;-;-;16
350670 Boa Esperança do Sul;-;28;-;-;-;28
350680 Bocaina;1;10;-;-;-;11
350690 Bofete;1;36;-;-;-;37
350700 Boituva;-;12;-;-;-;12
350710 Bom Jesus dos Perdões;-;1;-;-;-;1
350720 Borá;-;1;-;-;-;1
350730 Boracéia;-;42;-;-;-;42
350740 Borborema;4;54;-;-;-;58
350750 Botucatu;-;91;-;-;-;91
350760 Bragança Paulista;1;189;-;-;-;190
350770 Braúna;-;11;-;-;-;11
350775 Brejo Alegre;-;3;-;-;-;3
350780 Brodowski;3;295;-;-;-;298
350790 Brotas;-;6;-;-;-;6
350800 Buri;-;1;-;-;-;1
350810 Buritama;8;590;-;-;-;598
350820 Buritizal;-;4;-;-;-;4
350830 Cabrália Paulista;-;3;-;-;-;3
350840 Cabreúva;1;64;-;-;-;65
350850 Caçapava;1;14;-;-;-;15
350860 Cachoeira Paulista;-;42;-;-;-;42
350870 Caconde;-;8;-;-;-;8
350880 Cafelândia;-;7;-;-;-;7
350890 Caiabu;-;30;-;-;-;30
350900 Caieiras;2;20;-;-;-;22
350910 Caiuá;6;3;-;-;-;9
350920 Cajamar;12;19;-;-;-;31
350925 Cajati;-;11;-;-;-;11
350930 Cajobi;-;56;-;-;-;56
350940 Cajuru;3;17;-;-;-;20
350950 Campinas;93;2925;-;-;1;3019
350960 Campo Limpo Paulista;-;6;-;-;-;6
350970 Campos do Jordão;-;2;-;-;-;2
350980 Campos Novos Paulista;2;1;-;-;-;3
350990 Cananéia;-;3;-;-;-;3
350995 Canas;1;-;-;-;-;1
351000 Cândido Mota;-;49;1;-;-;50
351010 Cândido Rodrigues;25;38;-;-;-;63
351020 Capão Bonito;-;1;-;-;-;1
351030 Capela do Alto;-;15;-;-;-;15
351040 Capivari;25;213;-;-;-;238
351050 Caraguatatuba;6;33;-;-;-;39
351060 Carapicuíba;1;88;1;-;-;90
351070 Cardoso;-;7;-;-;-;7
351080 Casa Branca;3;65;-;-;-;68
351090 Cássia dos Coqueiros;5;3;-;-;-;8
351100 Castilho;5;536;-;-;-;541
351110 Catanduva;4;108;1;-;-;113
351120 Catiguá;-;1;-;-;-;1
351130 Cedral;1;129;-;-;-;130
351150 Cerquilho;-;10;-;-;-;10
351160 Cesário Lange;5;2;-;-;-;7
351170 Charqueada;-;3;-;-;-;3
355720 Chavantes;-;18;-;-;-;18
351190 Clementina;1;5;-;-;-;6
351200 Colina;-;34;-;-;-;34
351210 Colômbia;-;36;-;-;-;36
351220 Conchal;-;38;-;-;-;38
351230 Conchas;1;2;-;-;-;3
351240 Cordeirópolis;-;4;-;-;-;4
351250 Coroados;-;32;-;-;-;32
351270 Corumbataí;-;2;-;-;-;2
351280 Cosmópolis;1;14;-;-;-;15
351290 Cosmorama;1;17;-;-;-;18
351300 Cotia;1;110;-;-;-;111
351310 Cravinhos;1;112;-;-;-;113
351320 Cristais Paulista;2;1;-;-;-;3
351330 Cruzália;1;-;-;-;-;1
351340 Cruzeiro;24;77;-;-;-;101
351350 Cubatão;-;46;-;-;-;46
351360 Cunha;2;2;-;-;-;4
351370 Descalvado;2;72;-;-;-;74
351380 Diadema;410;24;-;-;-;434
351385 Dirce Reis;-;43;-;-;-;43
351390 Divinolândia;-;2;-;-;-;2
351400 Dobrada;4;73;-;-;-;77
351410 Dois Córregos;-;5;-;-;-;5
351420 Dolcinópolis;1;115;-;-;-;116
351430 Dourado;-;1;-;-;-;1
351440 Dracena;-;57;-;-;-;57
351450 Duartina;-;3;-;-;-;3
351460 Dumont;187;8;-;-;-;195
351470 Echaporã;1;-;-;-;-;1
351480 Eldorado;1;8;-;-;-;9
351490 Elias Fausto;1;1;-;-;-;2
351492 Elisiário;-;2;-;-;-;2
351495 Embaúba;-;7;-;-;-;7
351500 Embu das Artes;6;51;-;-;-;57
351510 Embu-Guaçu;4;2;-;-;-;6
351512 Emilianópolis;-;5;-;-;-;5
351515 Engenheiro Coelho;15;4;-;-;-;19
351518 Espírito Santo do Pinhal;-;47;-;-;-;47
351519 Espírito Santo do Turvo;-;1;-;-;-;1
351520 Estrela d'Oeste;1;5;-;-;-;6
351530 Estrela do Norte;1;89;-;-;-;90
351535 Euclides da Cunha Paulista;8;30;-;-;-;38
351560 Fernando Prestes;-;2;-;-;-;2
351550 Fernandópolis;6;791;-;-;-;797
351570 Ferraz de Vasconcelos;64;8;-;-;-;72
351580 Flora Rica;2;2;-;-;-;4
351590 Floreal;-;10;-;-;-;10
351600 Flórida Paulista;-;89;-;-;-;89
351610 Florínia;-;2;-;-;-;2
351620 Franca;715;25;1;-;-;741
351630 Francisco Morato;39;329;-;-;-;368
351640 Franco da Rocha;5;157;-;-;-;162
351650 Gabriel Monteiro;1;25;-;-;-;26
351670 Garça;2;8;-;-;-;10
351680 Gastão Vidigal;-;1;-;-;-;1
351685 Gavião Peixoto;-;5;-;-;-;5
351690 General Salgado;4;108;-;-;-;112
351700 Getulina;1;5;-;-;-;6
351710 Glicério;-;5;-;-;-;5
351720 Guaiçara;-;3;-;-;-;3
351730 Guaimbê;-;1;-;-;-;1
351740 Guaíra;10;2690;1;-;-;2701
351750 Guapiaçu;1;200;-;-;-;201
351770 Guará;6;15;-;-;-;21
351780 Guaraçaí;5;90;-;-;-;95
351790 Guaraci;1;13;-;-;-;14
351810 Guarantã;2;55;-;-;-;57
351820 Guararapes;2;44;-;-;-;46
351830 Guararema;7;8;-;-;-;15
351840 Guaratinguetá;1;29;-;-;-;30
351850 Guareí;1;1;-;-;-;2
351860 Guariba;8;137;-;-;-;145
351870 Guarujá;6;943;2;-;-;951
351880 Guarulhos;28;905;1;-;-;934
351885 Guatapará;-;1;1;-;-;2
351890 Guzolândia;2;9;-;-;-;11
351900 Herculândia;-;31;-;-;-;31
351905 Holambra;2;9;-;-;-;11
351907 Hortolândia;1;1303;-;-;-;1304
351910 Iacanga;-;34;1;-;-;35
351920 Iacri;1;14;-;-;-;15
351930 Ibaté;1;33;-;-;-;34
351940 Ibirá;1;162;-;-;-;163
351950 Ibirarema;2;144;-;-;-;146
351960 Ibitinga;4;2141;2;-;1;2148
351970 Ibiúna;-;3;-;-;-;3
351980 Icém;-;58;-;-;-;58
351990 Iepê;7;21;-;-;-;28
352000 Igaraçu do Tietê;-;1;-;-;-;1
352010 Igarapava;14;8;1;-;-;23
352020 Igaratá;1;2;-;-;-;3
352030 Iguape;-;7;-;-;-;7
352042 Ilha Comprida;-;13;-;-;-;13
352044 Ilha Solteira;10;221;-;-;-;231
352040 Ilhabela;5;113;-;-;-;118
352050 Indaiatuba;8;465;-;-;-;473
352060 Indiana;-;30;-;-;-;30
352070 Indiaporã;-;20;-;-;-;20
352080 Inúbia Paulista;-;1;-;-;-;1
352090 Ipaussu;-;3;-;-;-;3
352100 Iperó;-;17;-;-;-;17
352110 Ipeúna;-;1;-;-;-;1
352115 Ipiguá;-;99;-;-;-;99
352130 Ipuã;11;106;-;-;-;117
352140 Iracemápolis;-;10;-;-;-;10
352150 Irapuã;-;1;-;-;-;1
352160 Irapuru;-;5;-;-;-;5
352170 Itaberá;1;-;-;-;-;1
352190 Itajobi;-;45;-;-;-;45
352200 Itaju;-;1;-;-;-;1
352210 Itanhaém;1;49;-;-;-;50
352220 Itapecerica da Serra;3;96;-;-;-;99
352230 Itapetininga;-;28;-;-;-;28
352240 Itapeva;1;5;-;-;-;6
352250 Itapevi;7;27;-;-;-;34
352260 Itapira;-;57;-;-;-;57
352270 Itápolis;-;1067;1;-;-;1068
352280 Itaporanga;-;-;-;1;-;1
352290 Itapuí;-;3;-;-;-;3
352300 Itapura;3;11;-;-;-;14
352310 Itaquaquecetuba;20;59;-;-;-;79
352320 Itararé;-;1;-;-;-;1
352330 Itariri;-;1;-;-;-;1
352340 Itatiba;2;78;-;-;-;80
352360 Itirapina;-;4;-;-;-;4
352370 Itirapuã;3;1;-;-;-;4
352380 Itobi;-;1;-;-;-;1
352390 Itu;20;3274;-;1;-;3295
352400 Itupeva;3;15;-;-;-;18
352410 Ituverava;157;1015;-;-;-;1172
352420 Jaborandi;8;42;-;-;-;50
352430 Jaboticabal;1;34;-;-;-;35
352440 Jacareí;1;157;-;-;-;158
352450 Jaci;-;151;-;-;-;151
352460 Jacupiranga;-;3;-;-;-;3
352470 Jaguariúna;-;28;-;-;-;28
352480 Jales;11;1705;1;-;-;1717
352500 Jandira;1;46;-;-;-;47
352510 Jardinópolis;891;377;-;-;-;1268
352520 Jarinu;-;16;-;-;-;16
352530 Jaú;-;55;-;-;-;55
352550 Joanópolis;-;3;-;-;-;3
352560 João Ramalho;-;4;-;-;-;4
352570 José Bonifácio;2;457;-;-;-;459
352580 Júlio Mesquita;-;4;-;-;-;4
352585 Jumirim;1;-;-;-;-;1
352590 Jundiaí;282;52;-;-;-;334
352600 Junqueirópolis;-;14;-;-;-;14
352610 Juquiá;-;10;-;-;-;10
352620 Juquitiba;-;2;-;-;-;2
352630 Lagoinha;1;1;-;-;-;2
352640 Laranjal Paulista;-;14;-;-;-;14
352650 Lavínia;24;2;-;-;-;26
352660 Lavrinhas;1;1;-;-;-;2
352670 Leme;1;37;-;-;-;38
352680 Lençóis Paulista;-;32;-;-;-;32
352690 Limeira;2;112;-;-;-;114
352700 Lindóia;1;2;-;-;-;3
352710 Lins;-;76;-;-;-;76
352720 Lorena;1;78;-;-;-;79
352725 Lourdes;-;7;-;-;-;7
352730 Louveira;4;22;-;-;-;26
352740 Lucélia;1;42;-;-;-;43
352750 Lucianópolis;-;2;-;-;-;2
352760 Luís Antônio;81;1;-;-;-;82
352770 Luiziânia;-;15;-;-;-;15
352790 Lutécia;7;2;-;-;-;9
352810 Macaubal;-;30;-;-;-;30
352820 Macedônia;1;37;-;-;-;38
352830 Magda;1;9;-;-;-;10
352840 Mairinque;1;8;-;-;-;9
352850 Mairiporã;2;14;-;-;-;16
352860 Manduri;-;6;-;-;-;6
352870 Marabá Paulista;1;7;-;-;-;8
352885 Marapoama;-;1;-;-;-;1
352890 Mariápolis;-;2;-;-;-;2
352900 Marília;4;228;-;-;-;232
352910 Marinópolis;-;3;-;-;-;3
352920 Martinópolis;6;210;1;-;-;217
352930 Matão;18;2169;2;-;-;2189
352940 Mauá;-;266;-;-;-;266
352950 Mendonça;1;102;-;-;-;103
352960 Meridiano;-;3;-;-;-;3
352965 Mesópolis;-;2;-;-;-;2
352970 Miguelópolis;9;74;-;-;-;83
352980 Mineiros do Tietê;-;3;-;-;-;3
353000 Mira Estrela;-;2;-;-;-;2
352990 Miracatu;-;7;-;-;-;7
353010 Mirandópolis;132;305;-;-;-;437
353020 Mirante do Paranapanema;29;773;-;-;-;802
353030 Mirassol;2;128;-;-;-;130
353040 Mirassolândia;3;26;-;-;-;29
353050 Mococa;5;260;-;-;-;265
353060 Mogi das Cruzes;2;214;-;-;-;216
353070 Mogi Guaçu;-;108;-;-;-;108
353080 Mogi Mirim;4;97;-;-;-;101
353100 Monções;-;43;-;-;-;43
353110 Mongaguá;3;19;-;-;-;22
353130 Monte Alto;3;33;-;-;-;36
353140 Monte Aprazível;1;131;-;-;-;132
353150 Monte Azul Paulista;4;557;-;-;-;561
353160 Monte Castelo;-;3;-;-;-;3
353180 Monte Mor;1;35;-;-;-;36
353190 Morro Agudo;-;74;-;-;-;74
353200 Morungaba;-;2;-;-;-;2
353205 Motuca;-;2;-;-;-;2
353210 Murutinga do Sul;-;69;-;-;-;69
353215 Nantes;-;8;-;-;-;8
353220 Narandiba;-;25;-;-;-;25
353230 Natividade da Serra;-;1;-;-;-;1
353240 Nazaré Paulista;-;1;-;-;-;1
353250 Neves Paulista;-;72;-;-;-;72
353260 Nhandeara;-;27;-;-;-;27
353270 Nipoã;-;8;-;-;-;8
353280 Nova Aliança;5;83;-;-;1;89
353284 Nova Canaã Paulista;-;4;-;-;-;4
353290 Nova Europa;1;4;-;-;-;5
353300 Nova Granada;3;63;-;-;-;66
353320 Nova Independência;-;30;-;-;-;30
353330 Nova Luzitânia;1;-;-;-;-;1
353340 Nova Odessa;1;56;-;-;-;57
353325 Novais;-;1;-;-;-;1
353350 Novo Horizonte;1;47;-;-;-;48
353360 Nuporanga;6;4;-;-;-;10
353390 Olímpia;3;170;-;-;-;173
353400 Onda Verde;1;10;-;-;-;11
353410 Oriente;-;13;-;-;-;13
353420 Orindiúva;-;5;-;-;-;5
353430 Orlândia;1;601;-;-;-;602
353440 Osasco;6;728;4;-;-;738
353460 Osvaldo Cruz;2;209;1;-;-;212
353470 Ourinhos;-;103;-;-;-;103
353480 Ouro Verde;-;7;-;-;-;7
353475 Ouroeste;2;92;-;-;-;94
353490 Pacaembu;1;51;-;-;-;52
353500 Palestina;-;53;-;-;-;53
353510 Palmares Paulista;-;10;-;-;-;10
353520 Palmeira d'Oeste;-;21;-;-;-;21
353530 Palmital;-;9;-;-;-;9
353540 Panorama;-;54;-;-;-;54
353550 Paraguaçu Paulista;1;31;-;-;-;32
353560 Paraibuna;1;4;-;-;-;5
353570 Paraíso;-;4;-;-;-;4
353580 Paranapanema;-;2;-;-;-;2
353590 Paranapuã;12;20;-;-;-;32
353600 Parapuã;1;19;-;-;-;20
353620 Pariquera-Açu;1;21;-;-;-;22
353625 Parisi;-;21;-;-;-;21
353640 Paulicéia;2;10;-;-;-;12
353650 Paulínia;46;7;-;-;-;53
353660 Paulo de Faria;1;42;-;-;-;43
353670 Pederneiras;-;136;-;-;-;136
353680 Pedra Bela;-;2;-;-;-;2
353690 Pedranópolis;-;1;-;-;-;1
353700 Pedregulho;3;3;-;-;-;6
353710 Pedreira;-;12;-;-;-;12
353720 Pedro de Toledo;-;2;-;-;-;2
353730 Penápolis;3;128;-;-;-;131
353740 Pereira Barreto;3;196;-;-;-;199
353760 Peruíbe;2;114;-;-;-;116
353770 Piacatu;1;15;-;-;-;16
353790 Pilar do Sul;-;1;-;-;-;1
353800 Pindamonhangaba;-;413;-;-;-;413
353810 Pindorama;2;3;-;-;-;5
353820 Pinhalzinho;-;1;-;-;-;1
353830 Piquerobi;4;5;-;-;-;9
353850 Piquete;-;1;-;-;-;1
353860 Piracaia;1;2;-;-;-;3
353870 Piracicaba;10;2227;4;-;-;2241
353880 Piraju;-;7;-;-;-;7
353890 Pirajuí;1;74;-;-;-;75
353900 Pirangi;1;73;-;-;-;74
353910 Pirapora do Bom Jesus;-;3;-;-;-;3
353920 Pirapozinho;-;126;1;-;-;127
353930 Pirassununga;1;91;-;-;-;92
353940 Piratininga;-;31;-;-;-;31
353950 Pitangueiras;12;426;-;-;-;438
353960 Planalto;2;55;-;-;-;57
353970 Platina;1;-;-;-;-;1
353980 Poá;33;12;-;-;-;45
353990 Poloni;2;24;-;-;-;26
354000 Pompéia;-;3;-;-;-;3
354020 Pontal;3;914;-;-;-;917
354025 Pontalinda;1;5;-;-;-;6
354030 Pontes Gestal;-;25;-;-;-;25
354040 Populina;2;41;-;-;-;43
354050 Porangaba;-;1;-;-;-;1
354060 Porto Feliz;3;53;-;-;-;56
354070 Porto Ferreira;142;77;-;-;-;219
354075 Potim;1;11;-;-;-;12
354080 Potirendaba;11;136;-;-;-;147
354090 Pradópolis;1;65;-;-;-;66
354100 Praia Grande;5;72;2;-;-;79
354110 Presidente Alves;-;3;-;-;-;3
354120 Presidente Bernardes;1;47;-;-;-;48
354130 Presidente Epitácio;13;750;-;1;-;764
354140 Presidente Prudente;9;12565;30;-;-;12604
354150 Presidente Venceslau;2;177;-;1;-;180
354160 Promissão;-;24;-;-;-;24
354170 Quatá;1;75;-;-;-;76
354190 Queluz;1;42;-;-;-;43
354200 Quintana;-;4;-;-;-;4
354210 Rafard;3;121;-;-;-;124
354220 Rancharia;5;343;-;-;-;348
354230 Redenção da Serra;-;1;-;-;-;1
354240 Regente Feijó;-;269;-;-;-;269
354250 Reginópolis;-;2;-;-;-;2
354260 Registro;2;219;-;-;-;221
354270 Restinga;1;-;-;-;-;1
354290 Ribeirão Bonito;1;7;-;-;-;8
354310 Ribeirão Corrente;1;-;-;-;-;1
354323 Ribeirão dos Índios;1;3;-;-;-;4
354330 Ribeirão Pires;1;6;-;-;-;7
354340 Ribeirão Preto;584;18263;6;1;-;18854
354360 Rifaina;-;20;-;-;-;20
354370 Rincão;-;1;-;-;-;1
354380 Rinópolis;-;16;-;-;-;16
354390 Rio Claro;3;99;-;-;-;102
354400 Rio das Pedras;-;64;-;-;-;64
354420 Riolândia;-;17;-;-;-;17
354425 Rosana;1;28;-;-;-;29
354430 Roseira;-;2;-;-;-;2
354440 Rubiácea;-;5;-;-;-;5
354450 Rubinéia;1;10;-;-;-;11
354460 Sabino;-;1;-;-;-;1
354470 Sagres;-;4;-;-;-;4
354480 Sales;1;11;-;-;-;12
354490 Sales Oliveira;2;5;-;-;-;7
354500 Salesópolis;-;5;-;-;-;5
354510 Salmourão;-;2;-;-;-;2
354515 Saltinho;1;41;-;-;-;42
354520 Salto;-;252;-;1;-;253
354530 Salto de Pirapora;1;44;-;-;-;45
354550 Sandovalina;6;55;-;-;-;61
354560 Santa Adélia;-;3;-;-;-;3
354570 Santa Albertina;-;4;-;-;-;4
354580 Santa Bárbara d'Oeste;23;267;-;-;-;290
354600 Santa Branca;1;7;-;-;-;8
354610 Santa Clara d'Oeste;2;35;-;-;-;37
354625 Santa Cruz da Esperança;-;1;-;-;-;1
354630 Santa Cruz das Palmeiras;1;34;1;-;-;36
354640 Santa Cruz do Rio Pardo;-;5;-;-;-;5
354650 Santa Ernestina;54;-;-;-;-;54
354660 Santa Fé do Sul;29;733;-;-;-;762
354670 Santa Gertrudes;-;1;-;-;-;1
354680 Santa Isabel;4;71;-;-;-;75
354690 Santa Lúcia;-;17;-;-;-;17
354700 Santa Maria da Serra;-;6;-;-;-;6
354710 Santa Mercedes;-;8;-;-;-;8
354740 Santa Rita d'Oeste;1;3;-;-;-;4
354750 Santa Rita do Passa Quatro;3;72;-;-;-;75
354760 Santa Rosa de Viterbo;-;17;-;-;-;17
354765 Santa Salete;-;3;-;-;-;3
354730 Santana de Parnaíba;18;99;-;-;-;117
354770 Santo Anastácio;26;715;3;2;-;746
354780 Santo André;11;343;-;-;-;354
354790 Santo Antônio da Alegria;62;5;-;-;-;67
354800 Santo Antônio de Posse;1;146;-;-;-;147
354805 Santo Antônio do Aracanguá;1;8;-;-;-;9
354810 Santo Antônio do Jardim;-;7;-;-;-;7
354820 Santo Antônio do Pinhal;-;1;-;-;-;1
354830 Santo Expedito;-;6;-;-;-;6
354840 Santópolis do Aguapeí;3;1;-;-;-;4
354850 Santos;106;1132;-;1;-;1239
354860 São Bento do Sapucaí;1;1;-;-;-;2
354870 São Bernardo do Campo;5;903;-;-;-;908
354880 São Caetano do Sul;7;52;-;-;-;59
354890 São Carlos;1;297;1;-;-;299
354900 São Francisco;1;1;-;-;-;2
354910 São João da Boa Vista;-;75;-;-;-;75
354920 São João das Duas Pontes;2;7;-;1;-;10
354925 São João de Iracema;1;1;-;-;-;2
354930 São João do Pau d'Alho;-;38;-;-;-;38
354940 São Joaquim da Barra;207;480;1;-;-;688
354950 São José da Bela Vista;13;3;-;-;-;16
354970 São José do Rio Pardo;5;41;-;-;-;46
354980 São José do Rio Preto;925;14036;2;1;-;14964
354990 São José dos Campos;10;1644;1;1;-;1656
354995 São Lourenço da Serra;-;1;-;-;-;1
355000 São Luís do Paraitinga;2;-;-;-;-;2
355010 São Manuel;8;46;-;-;-;54
355020 São Miguel Arcanjo;-;9;-;-;-;9
355030 São Paulo;3885;10989;16;3;-;14893
355040 São Pedro;-;8;-;-;-;8
355050 São Pedro do Turvo;-;79;-;-;-;79
355060 São Roque;1;68;-;-;-;69
355070 São Sebastião;2;43;-;-;-;45
355080 São Sebastião da Grama;-;1;-;-;-;1
355090 São Simão;2;409;-;-;-;411
355100 São Vicente;14;41;1;-;-;56
355130 Sebastianópolis do Sul;-;4;-;-;-;4
355140 Serra Azul;-;39;-;-;-;39
355160 Serra Negra;-;18;-;-;-;18
355150 Serrana;10;472;-;-;-;482
355170 Sertãozinho;58;3014;3;-;-;3075
355180 Sete Barras;-;3;-;-;-;3
355190 Severínia;1;48;-;-;-;49
355210 Socorro;-;8;-;-;-;8
355220 Sorocaba;3;328;3;-;-;334
355230 Sud Mennucci;6;19;-;-;-;25
355240 Sumaré;6;456;-;-;-;462
355255 Suzanápolis;3;15;-;-;-;18
355250 Suzano;324;24;-;-;-;348
355260 Tabapuã;-;8;-;-;-;8
355270 Tabatinga;-;264;-;-;-;264
355280 Taboão da Serra;8;28;-;-;-;36
355290 Taciba;-;1;-;-;-;1
355300 Taguaí;-;5;-;-;-;5
355310 Taiaçu;1;20;-;-;-;21
355320 Taiúva;2;128;-;-;-;130
355330 Tambaú;-;36;-;-;-;36
355340 Tanabi;2;88;-;-;-;90
355350 Tapiraí;-;1;-;-;-;1
355360 Tapiratiba;-;1;-;-;-;1
355365 Taquaral;-;2;-;-;-;2
355370 Taquaritinga;2;1597;-;1;-;1600
355380 Taquarituba;-;1;-;-;-;1
355390 Tarabai;-;4;-;-;-;4
355400 Tatuí;7;98;-;-;-;105
355410 Taubaté;1;3253;3;-;-;3257
355430 Teodoro Sampaio;-;188;1;-;-;189
355440 Terra Roxa;2;6;-;-;-;8
355450 Tietê;-;64;-;-;-;64
355465 Torre de Pedra;-;1;-;-;-;1
355470 Torrinha;-;3;-;-;-;3
355480 Tremembé;5;583;1;1;-;590
355490 Três Fronteiras;5;30;-;-;-;35
355495 Tuiuti;-;3;-;-;-;3
355500 Tupã;-;105;-;-;-;105
355510 Tupi Paulista;-;3;-;-;-;3
355520 Turiúba;1;19;-;-;-;20
355530 Turmalina;2;15;-;-;-;17
355535 Ubarana;3;96;-;-;-;99
355540 Ubatuba;6;66;-;-;-;72
355560 Uchoa;1;166;-;-;-;167
355570 União Paulista;-;7;-;-;-;7
355580 Urânia;11;81;-;-;-;92
355590 Uru;-;3;-;-;-;3
355600 Urupês;1;5;-;-;-;6
355610 Valentim Gentil;-;22;-;-;-;22
355620 Valinhos;2;16;-;-;-;18
355630 Valparaíso;-;28;-;-;-;28
355640 Vargem Grande do Sul;-;121;-;-;-;121
355645 Vargem Grande Paulista;-;8;-;-;-;8
355650 Várzea Paulista;2;24;-;-;-;26
355660 Vera Cruz;-;10;-;-;-;10
355670 Vinhedo;-;42;-;-;-;42
355680 Viradouro;1;68;-;-;-;69
355690 Vista Alegre do Alto;2;10;-;-;-;12
355695 Vitória Brasil;1;14;-;-;-;15
355700 Votorantim;-;38;-;-;-;38
355710 Votuporanga;-;844;-;-;-;844
410080 Alvorada do Sul;-;1;-;-;-;1
410150 Arapongas;1;-;-;-;-;1
410190 Assaí;1;3;-;-;-;4
410240 Bandeirantes;-;1;-;-;-;1
410360 Cambará;-;2;-;-;-;2
410370 Cambé;-;1;-;-;-;1
410480 Cascavel;2;1;-;-;-;3
410510 Centenário do Sul;2;-;-;-;-;2
410550 Cianorte;-;1;-;-;-;1
410590 Colorado;-;1;-;-;-;1
410640 Cornélio Procópio;-;1;-;-;-;1
410660 Cruzeiro do Oeste;-;1;-;-;-;1
410690 Curitiba;1;7;-;-;-;8
410830 Foz do Iguaçu;1;6;-;-;-;7
410920 Guaraci;-;1;-;-;-;1
410960 Guaratuba;-;1;-;-;-;1
410980 Ibiporã;-;2;-;-;-;2
411130 Itaúna do Sul;-;1;-;-;-;1
411370 Londrina;-;10;-;-;-;10
411520 Maringá;1;10;-;-;-;11
411690 Nova Esperança;-;1;-;-;-;1
411820 Paranaguá;-;4;-;-;-;4
411840 Paranavaí;1;-;-;-;-;1
411990 Ponta Grossa;-;1;-;-;-;1
412000 Porecatu;-;1;-;-;-;1
412180 Ribeirão Claro;-;1;-;-;-;1
412310 Santa Amélia;-;1;-;-;-;1
412390 Santa Mariana;-;3;-;-;-;3
412405 Santa Terezinha de Itaipu;-;1;-;-;-;1
412550 São José dos Pinhais;1;-;-;-;-;1
420200 Balneário Camboriú;-;1;-;-;-;1
420240 Blumenau;-;1;-;-;-;1
420320 Camboriú;-;1;-;-;-;1
420540 Florianópolis;-;1;-;-;-;1
420830 Itapema;-;1;-;-;-;1
421130 Navegantes;-;1;-;-;-;1
421350 Porto Belo;-;1;-;-;-;1
421380 Praia Grande;-;1;-;-;-;1
430350 Camaquã;-;1;-;-;-;1
431225 Minas do Leão;-;1;-;-;-;1
431490 Porto Alegre;-;1;-;-;-;1
431930 São Paulo das Missões;4;9;-;-;-;13
500020 Água Clara;-;1;-;-;-;1
500085 Angélica;-;1;-;-;-;1
500100 Aparecida do Taboado;1;6;-;-;-;7
500150 Bandeirantes;-;1;-;-;-;1
500190 Bataguassu;-;2;-;-;-;2
500220 Bonito;2;7;-;-;-;9
500230 Brasilândia;-;1;-;-;-;1
500240 Caarapó;-;1;-;-;-;1
500270 Campo Grande;6;29;-;-;-;35
500280 Caracol;-;1;-;-;-;1
500290 Cassilândia;-;3;-;-;-;3
500295 Chapadão do Sul;-;1;-;-;-;1
500320 Corumbá;-;3;-;-;-;3
500330 Coxim;-;3;-;-;-;3
500345 Deodápolis;-;1;-;-;-;1
500348 Dois Irmãos do Buriti;1;5;-;-;-;6
500370 Dourados;1;6;-;-;-;7
500410 Guia Lopes da Laguna;-;1;-;-;-;1
500500 Jardim;-;1;-;-;-;1
500600 Nova Alvorada do Sul;-;1;-;-;-;1
500620 Nova Andradina;-;1;-;-;-;1
500630 Paranaíba;-;6;-;-;-;6
500660 Ponta Porã;-;6;-;-;-;6
500710 Ribas do Rio Pardo;1;3;-;-;-;4
500720 Rio Brilhante;-;3;-;-;-;3
500755 Santa Rita do Pardo;-;1;-;-;-;1
500769 São Gabriel do Oeste;-;1;-;-;-;1
500830 Três Lagoas;1;15;-;-;-;16
510025 Alta Floresta;-;2;-;-;-;2
510030 Alto Araguaia;-;1;-;-;-;1
510060 Alto Taquari;-;2;-;-;-;2
510180 Barra do Garças;-;1;-;-;-;1
510190 Brasnorte;1;-;-;-;-;1
510250 Cáceres;-;1;-;-;-;1
510300 Chapada dos Guimarães;-;2;-;-;-;2
510340 Cuiabá;1;19;-;-;-;20
510460 Itiquira;-;1;-;-;-;1
510480 Jaciara;-;1;-;-;-;1
510520 Juscimeira;-;1;-;-;-;1
510558 Marcelândia;-;1;-;-;-;1
510615 Nova Bandeirantes;-;1;-;-;-;1
510890 Nova Maringá;-;1;-;-;-;1
510675 Pontes e Lacerda;-;1;-;-;-;1
510760 Rondonópolis;-;4;-;-;-;4
510710 São José dos Quatro Marcos;-;1;-;-;-;1
510790 Sinop;-;3;-;-;-;3
510792 Sorriso;-;1;-;-;-;1
510795 Tangará da Serra;-;1;-;-;-;1
510840 Várzea Grande;-;1;-;-;-;1
510000 Município ignorado - MT;-;1;-;-;-;1
520060 Alto Paraíso de Goiás;1;-;-;-;-;1
520110 Anápolis;-;2;-;-;-;2
520140 Aparecida de Goiânia;-;2;-;-;-;2
520450 Caldas Novas;1;6;-;-;-;7
520640 Crixás;1;-;-;-;-;1
520870 Goiânia;-;12;-;-;-;12
520890 Goiás;-;3;-;-;-;3
521225 Lagoa Santa;-;4;-;-;-;4
521880 Rio Verde;-;1;-;-;-;1
521930 Santa Helena de Goiás;-;1;-;-;-;1
522028 São Patrício;4;2;-;-;-;6
522140 Trindade;-;2;-;-;-;2
530010 Brasília;-;8;-;-;-;8
000000 Ignorado ou exterior;24346;24832;7;10;8;49203
000000 Total;35644;166782;118;30;11;202585
