DENGUE - Notificações registradas no Sistema de Informação de Agravos de Notificação - São Paulo;;;;;;;;;;
Casos Prováveis por Município infecção e Class. Final;;;;;;;;;;
Período:2015;;;;;;;;;;
Município infecção;Ign/Branco;Dengue Clássico;Dengue com complicações;Febre Hemorrágica do Dengue;Síndrome do Choque do Dengue;Dengue;Dengue com sinais de alarme;Dengue grave;Inconclusivo;Total
110015 Ouro Preto do Oeste;-;-;-;-;-;1;-;-;-;1
110020 Porto Velho;-;-;-;-;-;4;-;-;-;4
110032 São Miguel do Guaporé;-;-;-;-;-;1;-;-;-;1
130260 Manaus;-;-;-;-;-;1;-;-;-;1
150140 Belém;-;-;-;-;-;2;-;-;-;2
150635 Santa Bárbara do Pará;-;-;-;-;-;1;-;-;-;1
150812 Ulianópolis;-;-;-;-;-;1;-;-;-;1
170070 Alvorada;-;-;-;-;-;2;-;-;-;2
170290 Axixá do Tocantins;-;-;-;-;-;1;-;-;-;1
172100 Palmas;-;-;-;-;-;2;-;-;-;2
210040 Altamira do Maranhão;-;-;-;-;-;1;-;-;-;1
210250 Cajari;-;-;-;-;-;1;-;-;-;1
210780 Parnarama;-;-;-;-;-;1;-;-;-;1
210955 Ribamar Fiquene;-;-;-;-;-;1;-;-;-;1
211130 São Luís;-;-;-;-;-;2;-;-;-;2
211140 São Luís Gonzaga do Maranhão;-;-;-;-;-;1;-;-;-;1
211220 Timon;-;-;-;-;-;1;-;-;-;1
220115 Baixa Grande do Ribeiro;-;-;-;-;-;1;-;-;-;1
220525 Jardim do Mulato;-;-;-;-;-;1;-;-;-;1
220700 Oeiras;-;-;-;-;-;1;-;-;-;1
221060 São Raimundo Nonato;-;-;-;-;-;1;-;-;-;1
221100 Teresina;-;-;-;-;-;3;-;-;-;3
230030 Acopiara;-;-;-;-;-;1;-;-;-;1
230060 Altaneira;-;-;-;-;-;1;-;-;-;1
230190 Barbalha;-;-;-;-;-;1;-;-;-;1
230410 Crateús;-;-;-;-;-;1;-;-;-;1
230440 Fortaleza;-;-;-;-;-;20;-;-;-;20
230460 General Sampaio;-;-;-;-;-;1;-;-;-;1
230550 Iguatu;-;-;-;-;-;2;-;-;-;2
230580 Ipu;-;-;-;-;-;1;-;-;-;1
230640 Itapipoca;-;-;-;-;-;1;-;-;-;1
230730 Juazeiro do Norte;-;-;-;-;-;2;-;-;-;2
230765 Maracanaú;-;-;-;-;-;1;-;-;-;1
230810 Mauriti;-;-;-;-;-;1;-;-;-;1
230900 Mucambo;-;-;-;-;-;1;-;-;-;1
231126 Quiterianópolis;-;-;-;-;-;1;-;-;-;1
231140 Quixeramobim;-;-;-;-;-;1;-;-;-;1
231290 Sobral;-;-;-;-;-;1;-;-;-;1
231350 Trairi;-;-;-;-;-;2;-;-;-;2
231410 Viçosa do Ceará;-;-;-;-;-;2;-;-;-;2
240570 Jardim do Seridó;-;-;-;-;-;1;-;-;-;1
240650 Lagoa Nova;-;-;-;-;-;1;-;-;-;1
240810 Natal;-;-;-;-;-;10;-;-;-;10
250010 Água Branca;-;-;-;-;-;1;-;-;-;1
250370 Cajazeiras;-;-;-;-;-;1;-;-;-;1
250660 Ibiara;-;-;-;-;-;-;1;-;-;1
250700 Itaporanga;-;-;-;-;-;1;-;-;-;1
250750 João Pessoa;-;-;-;-;-;10;-;-;1;11
250900 Manaíra;-;-;-;-;-;1;-;-;-;1
251080 Patos;-;-;-;-;-;1;-;-;-;1
251130 Piancó;-;-;-;-;-;2;-;-;-;2
251450 São José de Piranhas;-;-;-;-;-;1;-;-;-;1
251540 São Vicente do Seridó;-;-;-;-;-;1;-;-;-;1
251550 Serra Branca;-;-;-;-;-;2;-;-;-;2
251620 Sousa;-;-;-;-;-;1;-;-;-;1
260050 Águas Belas;-;-;-;-;-;1;-;-;-;1
260120 Arcoverde;-;-;-;-;-;1;-;-;-;1
260170 Belo Jardim;-;-;-;-;-;2;-;-;-;2
260220 Bom Jardim;-;-;-;-;-;1;-;-;-;1
260410 Caruaru;-;-;-;-;-;6;-;-;-;6
260430 Cedro;-;-;-;-;-;1;-;-;-;1
260510 Custódia;-;-;-;-;-;1;-;-;-;1
260530 Exu;-;-;-;-;-;1;-;-;-;1
260540 Feira Nova;-;-;-;-;-;1;-;-;-;1
260545 Fernando de Noronha;-;-;-;-;-;1;-;-;-;1
260600 Garanhuns;-;-;-;-;-;1;-;-;-;1
260620 Goiana;-;1;-;-;-;-;-;-;-;1
260720 Ipojuca;-;-;-;-;-;3;-;-;-;3
260770 Itapetim;-;-;-;-;-;1;-;-;-;1
260810 João Alfredo;-;-;-;-;-;1;-;-;-;1
260880 Lajedo;-;-;-;-;-;-;1;-;-;1
260960 Olinda;-;-;-;-;-;1;-;-;-;1
261090 Pesqueira;-;-;-;-;-;3;-;-;-;3
261160 Recife;-;1;-;-;-;21;-;-;-;22
261240 Sanharó;-;-;-;-;-;1;-;-;-;1
261300 São Bento do Una;-;-;-;-;-;2;-;-;-;2
261460 Tabira;-;-;-;-;-;1;-;-;-;1
261540 Toritama;-;-;-;-;-;1;-;-;-;1
261600 Venturosa;-;-;-;-;-;2;-;-;-;2
261620 Vertentes;-;-;-;-;-;1;-;-;-;1
261640 Vitória de Santo Antão;-;-;-;-;-;1;-;-;-;1
270030 Arapiraca;-;-;-;-;-;8;1;-;-;9
270320 Igreja Nova;-;-;-;-;-;1;-;-;-;1
270330 Inhapi;-;-;-;-;-;1;-;-;-;1
270430 Maceió;-;1;-;-;-;14;1;-;-;16
270440 Major Isidoro;-;-;-;-;-;1;-;-;-;1
270630 Palmeira dos Índios;-;-;-;-;-;2;-;-;-;2
270800 Santana do Ipanema;-;-;-;-;-;1;-;-;-;1
270860 São Miguel dos Campos;-;-;-;-;-;1;-;-;-;1
270880 São Sebastião;-;-;-;-;-;1;-;-;-;1
270930 União dos Palmares;-;-;-;-;-;1;-;-;-;1
280030 Aracaju;-;1;-;-;-;2;-;-;-;3
280290 Itabaiana;-;-;-;-;-;1;-;-;-;1
280300 Itabaianinha;-;-;-;-;-;1;-;-;-;1
280350 Lagarto;-;-;-;-;-;1;-;-;-;1
280460 Nossa Senhora das Dores;-;-;-;-;-;1;-;-;-;1
290070 Alagoinhas;-;-;-;-;-;1;-;-;-;1
290190 Aporá;-;-;-;-;-;1;-;-;-;1
290320 Barreiras;-;-;-;-;-;1;-;-;-;1
290410 Boquira;-;-;-;-;-;2;-;-;-;2
290420 Botuporã;-;-;-;-;-;1;-;-;-;1
290460 Brumado;-;-;-;-;-;1;-;-;-;1
290470 Buerarema;-;-;-;-;-;2;-;-;-;2
290520 Caetité;-;-;-;-;-;1;-;-;-;1
290540 Cairu;-;-;-;-;-;1;-;-;-;1
290980 Cruz das Almas;-;-;-;-;-;1;-;-;-;1
291060 Esplanada;-;-;-;-;-;-;-;-;1;1
291070 Euclides da Cunha;-;-;-;-;-;3;-;-;-;3
291080 Feira de Santana;-;-;-;-;-;7;-;-;-;7
291185 Heliópolis;-;-;-;-;-;1;-;-;-;1
291360 Ilhéus;-;-;-;-;-;6;-;-;-;6
291400 Ipirá;-;-;-;-;-;5;-;-;-;5
291470 Itaberaba;-;-;-;-;-;2;-;-;-;2
291480 Itabuna;-;-;-;-;-;1;-;-;-;1
291535 Itaguaçu da Bahia;-;-;-;-;-;1;-;-;-;1
291570 Itamari;-;-;-;-;-;1;-;-;-;1
291680 Itarantim;-;-;-;-;-;1;-;-;-;1
291800 Jequié;-;-;-;-;-;1;2;-;-;3
291980 Macaúbas;-;-;-;-;-;6;-;-;-;6
292130 Milagres;-;1;-;-;-;-;-;-;-;1
292150 Monte Santo;-;-;-;-;-;3;-;-;-;3
292340 Palmas de Monte Alto;-;-;-;-;-;1;-;-;-;1
292360 Paramirim;-;-;-;-;-;2;-;-;-;2
292450 Pindaí;-;-;-;-;-;1;-;-;-;1
292530 Porto Seguro;-;-;-;-;-;8;-;-;-;8
292690 Rio do Pires;-;-;-;-;-;2;-;-;-;2
292740 Salvador;-;-;-;-;-;22;-;-;-;22
293015 Serra do Ramalho;-;-;-;-;-;2;-;-;-;2
293135 Teixeira de Freitas;-;-;-;-;-;2;-;-;-;2
293230 Ubatã;-;-;-;-;-;1;-;-;-;1
293330 Vitória da Conquista;-;-;-;-;-;1;-;-;-;1
293360 Xique-Xique;-;-;-;-;-;2;-;-;-;2
310150 Além Paraíba;-;-;-;-;-;1;-;-;-;1
310160 Alfenas;-;-;-;-;-;4;-;-;-;4
310260 Andradas;-;-;-;-;-;2;-;-;-;2
310375 Araporã;-;-;-;-;-;1;-;-;-;1
310400 Araxá;-;-;-;-;-;1;-;-;-;1
310420 Arcos;-;1;-;-;-;1;-;-;-;2
310430 Areado;-;-;-;-;-;-;1;-;-;1
310490 Baependi;-;-;-;-;-;1;-;-;-;1
310560 Barbacena;-;-;-;-;-;1;-;-;-;1
310620 Belo Horizonte;-;-;-;-;-;18;2;-;-;20
310650 Berilo;-;1;-;-;-;-;-;-;-;1
310670 Betim;-;-;-;-;-;3;-;-;-;3
310710 Boa Esperança;-;-;-;-;-;1;-;-;-;1
310890 Brazópolis;-;-;-;-;-;1;-;-;-;1
310910 Bueno Brandão;-;-;-;-;-;1;-;-;-;1
310970 Cachoeira de Minas;-;1;-;-;-;-;-;-;-;1
311050 Camanducaia;-;-;-;-;-;2;-;-;-;2
311060 Cambuí;-;-;-;-;-;3;-;-;-;3
311070 Cambuquira;-;-;-;-;-;9;-;-;-;9
311130 Campo do Meio;-;-;-;-;-;1;-;-;-;1
311200 Candeias;-;-;-;-;-;1;-;-;-;1
311240 Capetinga;-;-;-;-;-;-;1;-;-;1
311400 Carmo da Mata;-;1;-;-;-;-;-;-;-;1
311430 Carmo do Paranaíba;-;-;-;-;-;1;-;-;-;1
311455 Carneirinho;-;-;-;-;-;3;-;-;-;3
311510 Cássia;-;-;-;-;-;2;1;-;-;3
311530 Cataguases;-;-;-;-;-;1;-;-;-;1
311640 Claraval;-;-;-;-;-;1;1;-;-;2
311730 Conceição das Alagoas;-;-;-;-;-;-;-;-;2;2
311770 Conceição do Rio Verde;-;-;-;-;-;1;-;-;-;1
311780 Conceição dos Ouros;-;-;-;-;-;4;-;-;-;4
311790 Congonhal;-;-;-;-;-;1;-;-;-;1
311860 Contagem;-;-;-;-;-;1;-;-;-;1
312120 Delfinópolis;-;-;-;-;-;5;1;-;-;6
312320 Dores do Indaiá;-;-;-;-;-;2;-;-;-;2
312410 Esmeraldas;-;-;-;-;-;1;-;-;-;1
312440 Espírito Santo do Dourado;-;-;-;-;-;2;-;-;-;2
312700 Fronteira;-;-;-;-;-;18;-;-;-;18
312710 Frutal;-;1;-;-;-;2;-;-;-;3
312738 Goianá;-;-;-;-;-;1;-;-;-;1
312740 Gonçalves;-;-;-;-;-;2;-;-;-;2
312870 Guaxupé;-;-;-;-;-;2;-;-;-;2
312970 Ibiraci;-;-;-;-;-;1;1;-;-;2
313010 Igarapé;-;-;-;-;-;1;-;-;-;1
313060 Inconfidentes;-;-;-;-;-;1;-;-;-;1
313230 Itaipé;-;-;-;-;-;1;-;-;-;1
313240 Itajubá;-;-;-;-;-;10;-;-;-;10
313310 Itanhandu;-;-;-;-;-;4;-;-;-;4
313360 Itapeva;-;-;-;-;-;1;-;-;-;1
313375 Itaú de Minas;-;-;-;-;-;1;-;-;-;1
313440 Iturama;-;-;-;-;-;2;-;-;-;2
313610 Joanésia;-;-;-;-;-;1;-;-;-;1
313670 Juiz de Fora;-;-;-;-;-;2;-;-;-;2
313720 Lagoa da Prata;-;-;-;-;-;1;1;-;-;2
313820 Lavras;-;-;-;-;-;5;-;-;-;5
313860 Lima Duarte;-;-;-;-;-;1;-;-;-;1
313862 Limeira do Oeste;-;-;-;-;-;2;-;-;-;2
313868 Luislândia;-;-;-;-;-;1;-;-;-;1
313900 Machado;-;-;-;-;-;3;-;-;-;3
314000 Mariana;-;-;-;-;-;1;-;-;-;1
314100 Mato Verde;-;-;-;-;-;1;-;-;-;1
314110 Matozinhos;-;-;-;-;-;1;-;-;-;1
314160 Mercês;-;-;-;-;-;1;-;-;-;1
314290 Monte Azul;-;-;-;-;-;1;-;-;-;1
314310 Monte Carmelo;-;-;-;-;-;1;-;-;-;1
314340 Monte Sião;-;-;-;-;-;5;1;-;-;6
314330 Montes Claros;-;-;-;-;-;1;-;-;-;1
314380 Munhoz;-;-;-;-;-;1;-;-;-;1
314390 Muriaé;-;-;-;-;-;2;-;-;-;2
314410 Muzambinho;-;1;-;-;-;4;-;-;-;5
314510 Nova Resende;-;-;-;-;-;1;-;-;-;1
314520 Nova Serrana;-;-;-;-;-;1;-;-;-;1
314550 Olímpio Noronha;-;-;-;-;-;1;-;-;-;1
314560 Oliveira;-;-;-;-;-;1;-;-;-;1
314600 Ouro Fino;-;-;-;-;-;2;-;-;-;2
314610 Ouro Preto;-;-;-;-;-;1;-;-;-;1
314710 Pará de Minas;-;-;-;-;-;1;-;-;-;1
314700 Paracatu;-;-;-;-;-;1;1;-;-;2
314730 Paraisópolis;-;-;-;-;-;2;-;-;-;2
314760 Passa Quatro;-;1;-;-;-;1;-;-;-;2
314790 Passos;-;-;-;-;-;5;-;-;-;5
314800 Patos de Minas;-;-;-;-;-;2;-;-;-;2
314810 Patrocínio;-;-;-;-;-;-;1;-;-;1
314870 Pedra Azul;-;-;-;-;-;1;-;-;-;1
315060 Piracema;-;-;-;-;-;1;-;-;-;1
315100 Piranguinho;-;-;-;-;-;1;-;-;-;1
315140 Pitangui;-;-;-;-;-;1;-;-;-;1
315150 Piumhi;-;-;-;-;-;1;-;-;-;1
315160 Planura;-;-;-;-;-;4;-;-;-;4
315180 Poços de Caldas;-;-;-;-;-;13;-;-;-;13
315250 Pouso Alegre;-;-;-;-;-;7;-;-;-;7
315280 Prata;-;-;-;-;-;1;-;-;-;1
315290 Pratápolis;-;-;-;-;-;1;-;-;-;1
315390 Raposos;-;-;-;-;-;1;-;-;-;1
315400 Raul Soares;-;-;-;-;-;2;-;-;-;2
315700 Salinas;-;-;-;-;-;1;-;-;-;1
315727 Santa Bárbara do Monte Verde;-;-;-;-;-;2;-;-;-;2
315765 Santa Helena de Minas;-;-;-;-;-;-;1;-;-;1
315990 Santo Antônio do Amparo;-;-;-;-;-;-;-;-;1;1
316200 São Gonçalo do Sapucaí;-;1;-;-;-;1;-;-;-;2
316220 São João Batista do Glória;-;-;-;-;-;1;-;-;-;1
316250 São João del Rei;-;-;-;-;-;1;-;-;-;1
316290 São João Nepomuceno;-;-;-;-;-;1;-;-;-;1
316320 São José do Alegre;-;-;-;-;-;1;-;-;-;1
316370 São Lourenço;-;-;-;-;-;2;-;-;-;2
316470 São Sebastião do Paraíso;-;-;-;-;-;1;-;-;-;1
316540 Sapucaí-Mirim;-;-;-;-;-;2;-;-;-;2
316650 Serra Azul de Minas;-;-;-;-;-;1;-;-;-;1
316720 Sete Lagoas;-;-;-;-;-;-;1;-;-;1
316860 Teófilo Otoni;-;-;-;-;-;2;-;-;-;2
316930 Três Corações;-;-;-;-;-;1;-;-;-;1
316990 Ubá;-;-;-;-;-;3;-;-;-;3
317010 Uberaba;-;1;-;-;-;10;-;-;-;11
317020 Uberlândia;-;-;-;-;-;12;1;-;-;13
317040 Unaí;-;-;-;-;-;2;-;-;-;2
317070 Varginha;-;-;-;-;-;1;-;-;-;1
317090 Varzelândia;-;-;-;-;-;1;-;-;-;1
317110 Veríssimo;-;1;-;-;-;-;-;-;-;1
317170 Virgínia;-;-;-;-;-;2;-;-;-;2
317210 Volta Grande;-;-;-;-;-;1;-;-;-;1
320130 Cariacica;-;-;-;-;-;1;-;-;-;1
320190 Domingos Martins;-;-;-;-;-;1;-;-;-;1
320240 Guarapari;-;-;-;-;-;1;-;-;-;1
320332 Marataízes;-;-;-;-;-;1;-;-;-;1
320350 Montanha;-;-;-;-;-;1;-;-;-;1
320410 Pinheiros;-;-;-;-;-;2;-;-;-;2
320490 São Mateus;-;-;-;-;-;1;-;-;-;1
320500 Serra;-;-;-;-;-;1;-;-;-;1
320520 Vila Velha;-;-;-;-;-;1;-;-;-;1
320530 Vitória;-;-;-;-;-;3;-;-;-;3
330010 Angra dos Reis;-;-;-;-;-;9;-;-;-;9
330023 Armação dos Búzios;-;-;-;-;-;1;-;-;-;1
330040 Barra Mansa;-;-;-;-;-;4;-;-;-;4
330070 Cabo Frio;-;-;-;-;-;1;-;-;-;1
330200 Itaguaí;-;-;-;-;-;1;-;-;-;1
330225 Itatiaia;-;-;-;-;-;2;-;-;-;2
330240 Macaé;-;-;-;-;-;1;-;-;-;1
330280 Mendes;-;-;-;-;-;1;-;-;-;1
330330 Niterói;-;-;-;-;-;1;-;-;-;1
330350 Nova Iguaçu;-;-;-;-;-;5;-;-;-;5
330380 Paraty;-;1;-;-;-;11;-;-;-;12
330390 Petrópolis;-;-;-;-;-;3;-;-;-;3
330420 Resende;-;1;-;-;-;38;-;-;-;39
330452 Rio das Ostras;-;-;-;-;-;1;-;-;-;1
330455 Rio de Janeiro;-;3;-;-;-;90;-;-;-;93
330460 Santa Maria Madalena;-;-;-;-;-;1;-;-;-;1
330555 Seropédica;-;-;-;-;-;1;-;-;-;1
330580 Teresópolis;-;-;-;-;-;1;-;-;-;1
330630 Volta Redonda;-;-;-;-;-;7;-;-;-;7
350010 Adamantina;-;-;-;-;-;1130;19;2;-;1151
350020 Adolfo;-;-;-;-;-;115;-;-;-;115
350030 Aguaí;-;-;-;-;-;2519;18;-;-;2537
350040 Águas da Prata;-;-;1;-;-;269;2;-;1;273
350050 Águas de Lindóia;-;-;-;-;-;98;4;1;-;103
350055 Águas de Santa Bárbara;-;-;-;-;-;20;-;-;-;20
350060 Águas de São Pedro;-;-;-;-;-;24;1;-;-;25
350070 Agudos;-;-;-;-;-;713;6;-;-;719
350075 Alambari;-;-;-;-;-;3;-;-;-;3
350080 Alfredo Marcondes;-;-;-;-;-;8;-;-;-;8
350090 Altair;-;-;-;-;-;63;-;-;-;63
350100 Altinópolis;-;-;-;-;-;75;-;-;-;75
350110 Alto Alegre;-;1;-;-;-;50;-;-;-;51
350115 Alumínio;-;-;-;-;-;156;-;-;-;156
350120 Álvares Florence;-;-;-;-;-;29;-;-;-;29
350130 Álvares Machado;-;-;-;-;-;172;1;-;19;192
350140 Álvaro de Carvalho;-;6;-;-;-;20;-;-;-;26
350150 Alvinlândia;-;1;-;-;-;-;1;-;-;2
350160 Americana;-;-;-;-;-;7430;5;3;12;7450
350170 Américo Brasiliense;-;3;-;-;-;677;1;-;1;682
350180 Américo de Campos;-;-;-;-;-;66;-;-;-;66
350190 Amparo;-;9;-;-;-;6560;-;3;-;6572
350200 Analândia;-;-;-;-;-;49;-;-;-;49
350210 Andradina;-;3;-;-;-;1842;1;7;-;1853
350220 Angatuba;-;1;-;-;-;115;-;-;3;119
350230 Anhembi;-;-;-;-;-;111;-;-;-;111
350240 Anhumas;-;-;-;-;-;74;-;-;-;74
350250 Aparecida;-;6;-;-;-;1603;1;-;-;1610
350260 Aparecida d'Oeste;-;20;-;-;-;146;-;-;2;168
350270 Apiaí;-;17;-;-;-;3;-;-;-;20
350275 Araçariguama;-;-;-;-;-;183;-;-;-;183
350280 Araçatuba;-;5;-;-;-;1731;12;-;-;1748
350290 Araçoiaba da Serra;-;-;-;-;-;77;3;-;-;80
350300 Aramina;-;-;-;-;-;1;-;-;-;1
350310 Arandu;-;-;-;-;-;6;-;-;-;6
350315 Arapeí;-;-;-;-;-;57;-;-;-;57
350320 Araraquara;-;78;-;-;-;4871;15;8;9;4981
350330 Araras;-;-;-;-;-;2639;-;2;2;2643
350335 Arco-Íris;-;-;-;-;-;7;-;-;-;7
350340 Arealva;-;-;-;-;-;340;-;-;-;340
350350 Areias;-;2;-;-;-;1;-;-;-;3
350360 Areiópolis;-;-;-;-;-;471;1;-;-;472
350370 Ariranha;-;-;3;-;-;209;-;2;-;214
350380 Artur Nogueira;-;5;-;-;-;760;4;-;6;775
350390 Arujá;-;33;-;-;-;170;1;-;5;209
350395 Aspásia;-;2;-;-;-;28;-;-;-;30
350400 Assis;-;1;-;-;-;4560;2;-;-;4563
350410 Atibaia;-;2;-;-;-;1011;1;-;-;1014
350420 Auriflama;-;-;-;-;-;189;4;-;2;195
350430 Avaí;-;-;-;-;-;375;1;-;-;376
350440 Avanhandava;-;-;-;-;-;68;1;-;-;69
350450 Avaré;-;-;-;-;-;215;-;1;-;216
350460 Bady Bassitt;-;-;-;-;-;408;2;-;1;411
350470 Balbinos;-;-;-;-;-;15;-;-;-;15
350480 Bálsamo;-;-;-;-;-;325;2;-;-;327
350490 Bananal;-;-;-;-;-;174;-;-;1;175
350500 Barão de Antonina;-;-;-;-;-;4;-;-;-;4
350510 Barbosa;-;-;-;-;-;121;-;1;-;122
350520 Bariri;-;-;-;-;-;127;-;-;-;127
350530 Barra Bonita;-;-;-;-;-;65;1;-;-;66
350540 Barra do Turvo;-;-;-;-;-;6;-;-;-;6
350550 Barretos;-;2;-;-;-;791;1;-;1;795
350560 Barrinha;-;-;-;-;-;18;-;-;-;18
350570 Barueri;-;7;-;-;-;1794;3;3;-;1807
350580 Bastos;-;-;-;-;-;468;-;-;-;468
350590 Batatais;-;5;-;-;-;553;-;-;2;560
350600 Bauru;-;3;-;-;-;8491;175;13;-;8682
350610 Bebedouro;-;1;-;-;-;6330;-;2;-;6333
350620 Bento de Abreu;-;-;-;-;-;3;-;-;-;3
350630 Bernardino de Campos;-;-;-;-;-;59;-;-;-;59
350635 Bertioga;-;25;1;-;-;451;-;-;-;477
350640 Bilac;-;18;-;-;-;186;1;-;8;213
350650 Birigui;-;2;-;-;-;4476;117;4;-;4599
350660 Biritiba-Mirim;-;1;-;-;-;14;-;-;1;16
350670 Boa Esperança do Sul;-;-;-;-;-;108;-;-;-;108
350680 Bocaina;-;-;-;-;-;73;-;-;-;73
350690 Bofete;-;-;-;-;-;6;-;-;-;6
350700 Boituva;-;1;-;-;-;850;-;1;1;853
350710 Bom Jesus dos Perdões;-;233;-;-;-;58;-;1;-;292
350720 Borá;-;3;-;-;-;4;-;-;-;7
350730 Boracéia;-;1;-;-;-;19;-;-;-;20
350740 Borborema;-;-;-;-;-;569;1;-;-;570
350745 Borebi;-;-;-;-;-;1;-;-;-;1
350750 Botucatu;-;-;-;-;-;697;6;-;-;703
350760 Bragança Paulista;-;1;-;-;-;414;158;-;-;573
350770 Braúna;-;-;1;-;-;160;1;-;-;162
350775 Brejo Alegre;-;-;-;-;-;8;1;-;-;9
350780 Brodowski;-;1;-;-;-;282;1;-;-;284
350790 Brotas;-;1;-;-;-;269;1;-;-;271
350800 Buri;-;3;-;-;-;214;-;-;2;219
350810 Buritama;-;-;-;-;-;845;-;-;-;845
350820 Buritizal;-;-;-;-;-;1;-;-;-;1
350830 Cabrália Paulista;-;-;-;-;-;111;-;-;-;111
350840 Cabreúva;-;-;-;-;-;128;-;-;-;128
350850 Caçapava;-;-;-;-;-;930;-;-;4;934
350860 Cachoeira Paulista;-;-;-;-;-;333;-;-;48;381
350870 Caconde;-;-;-;-;-;85;-;-;-;85
350880 Cafelândia;-;-;-;-;-;222;-;1;-;223
350890 Caiabu;-;1;-;-;-;11;-;-;1;13
350900 Caieiras;-;25;-;-;-;261;-;-;-;286
350910 Caiuá;-;-;-;-;-;6;-;-;8;14
350920 Cajamar;-;4;-;-;-;2951;-;-;1;2956
350925 Cajati;-;-;-;-;-;12;-;-;-;12
350930 Cajobi;-;-;-;-;-;138;1;-;-;139
350940 Cajuru;-;38;-;-;-;779;1;-;1;819
350945 Campina do Monte Alegre;-;-;-;-;-;2;-;-;-;2
350950 Campinas;-;225;-;-;-;58612;780;37;1;59655
350960 Campo Limpo Paulista;-;-;-;-;-;419;-;3;1;423
350970 Campos do Jordão;-;-;-;-;-;6;-;-;-;6
350980 Campos Novos Paulista;-;-;-;-;-;31;-;-;-;31
350990 Cananéia;-;13;-;-;-;18;1;-;-;32
350995 Canas;-;-;-;-;-;24;-;-;3;27
351000 Cândido Mota;-;1;-;-;-;4200;-;-;-;4201
351010 Cândido Rodrigues;-;-;-;-;-;22;-;-;-;22
351015 Canitar;-;2;-;-;-;6;-;-;-;8
351020 Capão Bonito;-;-;-;-;-;69;1;-;-;70
351030 Capela do Alto;-;-;-;-;-;8;-;-;2;10
351040 Capivari;-;-;-;-;-;1132;-;-;-;1132
351050 Caraguatatuba;-;22;-;-;-;2331;6;9;17;2385
351060 Carapicuíba;-;2;-;-;-;2354;-;1;-;2357
351070 Cardoso;-;-;-;-;-;47;-;-;-;47
351080 Casa Branca;-;11;-;-;-;791;1;-;-;803
351100 Castilho;-;1;-;-;-;570;1;-;1;573
351110 Catanduva;-;2;-;-;-;10974;54;41;3;11074
351120 Catiguá;-;-;-;-;-;197;-;1;-;198
351130 Cedral;-;-;-;-;-;411;8;1;-;420
351140 Cerqueira César;-;-;-;-;-;12;-;-;-;12
351150 Cerquilho;-;-;-;-;-;181;-;-;1;182
351160 Cesário Lange;-;-;-;-;-;16;-;-;-;16
351170 Charqueada;-;-;-;-;-;60;-;-;-;60
355720 Chavantes;-;-;-;-;-;79;-;-;-;79
351190 Clementina;-;9;-;-;-;13;-;-;-;22
351200 Colina;-;-;-;-;-;580;-;1;-;581
351210 Colômbia;-;-;-;-;-;198;-;1;-;199
351220 Conchal;-;21;-;-;1;2025;-;-;-;2047
351230 Conchas;-;-;-;-;-;818;14;1;-;833
351240 Cordeirópolis;-;-;-;-;-;632;1;1;-;634
351250 Coroados;-;27;-;-;-;19;1;-;1;48
351260 Coronel Macedo;-;-;-;-;-;6;-;-;-;6
351270 Corumbataí;-;-;-;-;-;118;1;-;-;119
351280 Cosmópolis;-;2;-;-;-;146;2;-;-;150
351290 Cosmorama;-;-;-;-;-;72;-;-;-;72
351300 Cotia;-;5;-;-;-;1302;1;-;3;1311
351310 Cravinhos;-;-;-;-;-;103;-;-;-;103
351320 Cristais Paulista;-;-;-;-;-;3;-;-;-;3
351330 Cruzália;-;-;-;-;-;86;-;-;-;86
351340 Cruzeiro;-;-;-;-;-;226;-;-;7;233
351350 Cubatão;-;-;-;-;-;189;11;2;7;209
351360 Cunha;-;-;-;-;-;2;-;-;6;8
351370 Descalvado;-;-;-;-;-;1228;2;-;-;1230
351380 Diadema;-;7;-;-;-;2283;3;1;-;2294
351385 Dirce Reis;-;-;-;-;-;33;-;-;-;33
351390 Divinolândia;-;-;-;-;-;1;-;-;-;1
351400 Dobrada;-;46;-;-;-;-;-;-;-;46
351410 Dois Córregos;-;1;-;-;-;408;-;-;-;409
351420 Dolcinópolis;-;-;-;-;-;105;-;-;-;105
351430 Dourado;-;-;-;-;-;10;-;-;-;10
351440 Dracena;-;1;-;-;-;1204;-;-;1;1206
351450 Duartina;-;-;-;-;-;59;-;1;-;60
351460 Dumont;-;-;-;-;-;167;-;-;48;215
351470 Echaporã;-;54;-;-;-;7;-;-;-;61
351480 Eldorado;-;1;-;-;-;-;-;-;-;1
351490 Elias Fausto;-;54;-;-;-;778;-;-;-;832
351492 Elisiário;-;-;-;-;-;117;1;-;-;118
351495 Embaúba;-;-;-;-;-;81;2;-;-;83
351500 Embu das Artes;-;221;-;-;-;672;1;1;4;899
351510 Embu-Guaçu;-;25;-;-;-;9;-;-;-;34
351512 Emilianópolis;-;-;-;-;-;1;-;-;-;1
351515 Engenheiro Coelho;-;2;-;-;-;504;-;-;-;506
351518 Espírito Santo do Pinhal;-;-;-;1;-;1415;1;-;-;1417
351519 Espírito Santo do Turvo;-;1;-;-;-;13;-;-;-;14
355730 Estiva Gerbi;-;-;-;-;-;5;-;-;-;5
351520 Estrela d'Oeste;-;12;-;-;-;1368;1;-;-;1381
351530 Estrela do Norte;-;1;-;-;-;2;1;-;-;4
351535 Euclides da Cunha Paulista;-;3;-;-;-;-;-;-;-;3
351540 Fartura;-;-;-;-;-;136;5;-;-;141
351560 Fernando Prestes;-;-;-;-;-;13;-;-;-;13
351550 Fernandópolis;-;7;1;-;1;1137;1;2;-;1149
351565 Fernão;-;-;-;-;-;3;-;-;-;3
351570 Ferraz de Vasconcelos;-;135;-;-;-;446;-;1;73;655
351580 Flora Rica;-;-;-;-;-;6;-;-;-;6
351590 Floreal;-;1;-;-;-;17;-;-;-;18
351600 Flórida Paulista;-;-;-;-;-;740;1;-;-;741
351610 Florínia;-;-;-;-;-;52;-;-;-;52
351620 Franca;-;7;-;-;-;1480;290;-;1;1778
351630 Francisco Morato;-;1;-;-;-;934;-;-;37;972
351640 Franco da Rocha;-;4;-;-;-;662;-;-;4;670
351650 Gabriel Monteiro;-;-;-;-;-;3;-;-;-;3
351660 Gália;-;1;-;-;-;285;1;1;-;288
351670 Garça;-;1391;-;-;-;14;1;2;-;1408
351680 Gastão Vidigal;-;-;-;-;-;22;-;-;-;22
351685 Gavião Peixoto;-;-;-;-;-;5;-;-;-;5
351690 General Salgado;-;-;-;-;-;30;-;-;-;30
351700 Getulina;-;1;-;-;-;757;1;-;-;759
351710 Glicério;-;1;-;-;-;162;1;-;-;164
351720 Guaiçara;-;-;-;-;-;411;-;-;-;411
351730 Guaimbê;-;68;-;-;-;524;1;2;-;595
351740 Guaíra;-;-;-;-;-;1343;-;-;-;1343
351750 Guapiaçu;-;-;-;-;-;111;2;1;-;114
351760 Guapiara;-;-;-;-;-;1;-;-;-;1
351770 Guará;-;162;-;-;-;1;-;-;11;174
351780 Guaraçaí;-;-;-;-;-;97;-;-;1;98
351790 Guaraci;-;-;-;-;-;124;-;1;-;125
351800 Guarani d'Oeste;-;5;-;-;-;13;-;-;-;18
351810 Guarantã;-;-;-;-;-;262;3;1;-;266
351820 Guararapes;-;3;1;-;-;2502;5;8;9;2528
351830 Guararema;-;3;-;-;-;170;-;-;6;179
351840 Guaratinguetá;-;1;1;-;-;1075;-;-;1;1078
351850 Guareí;-;-;-;-;-;4;-;-;-;4
351860 Guariba;-;17;1;-;-;478;-;1;-;497
351870 Guarujá;-;1;-;-;-;1327;24;3;-;1355
351880 Guarulhos;-;54;-;-;-;22551;1619;34;-;24258
351885 Guatapará;-;7;-;-;-;108;-;-;2;117
351890 Guzolândia;-;89;-;-;-;3;-;-;-;92
351900 Herculândia;-;1;-;-;-;107;-;2;-;110
351905 Holambra;-;215;-;-;-;16;1;2;1;235
351907 Hortolândia;-;1;-;-;-;5849;2;6;-;5858
351910 Iacanga;-;-;-;-;-;108;1;-;-;109
351920 Iacri;-;-;-;-;-;83;-;-;1;84
351925 Iaras;-;-;-;-;-;3;-;-;-;3
351930 Ibaté;-;137;-;-;-;466;1;-;6;610
351940 Ibirá;-;-;-;-;-;420;-;-;-;420
351950 Ibirarema;-;-;-;-;-;245;-;-;-;245
351960 Ibitinga;-;3;-;-;-;798;1;1;-;803
351970 Ibiúna;-;-;-;-;-;27;-;-;-;27
351980 Icém;-;-;-;-;-;242;1;-;-;243
351990 Iepê;-;1;-;-;-;89;-;-;-;90
352000 Igaraçu do Tietê;-;-;-;-;-;4;-;-;-;4
352010 Igarapava;-;2;-;-;-;3;-;-;-;5
352020 Igaratá;-;3;-;-;-;97;-;-;-;100
352030 Iguape;-;8;-;-;-;186;2;-;-;196
352042 Ilha Comprida;-;-;2;-;-;225;1;-;-;228
352044 Ilha Solteira;-;4;-;-;-;624;-;-;-;628
352040 Ilhabela;-;11;-;-;-;905;-;-;-;916
352050 Indaiatuba;-;5;1;-;-;1956;4;1;1;1968
352060 Indiana;-;-;-;-;-;42;-;-;1;43
352070 Indiaporã;-;-;-;-;-;9;-;-;-;9
352080 Inúbia Paulista;-;-;-;-;-;166;3;-;-;169
352090 Ipaussu;-;9;-;-;-;254;-;-;46;309
352100 Iperó;-;-;-;-;-;2055;7;2;-;2064
352110 Ipeúna;-;1;-;-;-;176;-;-;-;177
352115 Ipiguá;-;-;-;-;-;129;1;1;-;131
352120 Iporanga;-;-;-;-;-;1;-;-;-;1
352130 Ipuã;-;45;-;-;-;1;-;-;-;46
352140 Iracemápolis;-;1;-;-;-;538;-;-;1;540
352150 Irapuã;-;-;-;-;-;141;-;1;-;142
352160 Irapuru;-;-;-;-;-;65;-;-;-;65
352170 Itaberá;-;18;-;-;-;-;-;-;-;18
352180 Itaí;-;-;-;-;-;63;-;-;-;63
352190 Itajobi;-;-;-;-;-;93;-;-;-;93
352200 Itaju;-;-;-;-;-;3;-;-;-;3
352210 Itanhaém;-;1;-;-;-;4161;36;16;-;4214
352215 Itaóca;-;-;-;-;-;1;-;-;-;1
352220 Itapecerica da Serra;-;18;-;-;-;1351;-;1;5;1375
352230 Itapetininga;-;-;-;-;-;421;-;-;1;422
352240 Itapeva;-;5;-;-;-;172;-;-;1;178
352250 Itapevi;-;12;-;-;-;2103;5;4;-;2124
352260 Itapira;-;6;-;-;-;4565;2;7;-;4580
352270 Itápolis;-;-;-;-;-;813;2;2;-;817
352280 Itaporanga;-;1;-;-;-;33;-;-;-;34
352290 Itapuí;-;-;-;-;-;138;3;-;-;141
352300 Itapura;-;1;-;-;-;92;-;-;1;94
352310 Itaquaquecetuba;-;464;-;-;-;667;-;-;-;1131
352320 Itararé;-;-;-;-;-;14;-;-;-;14
352330 Itariri;-;563;-;-;-;23;-;2;-;588
352340 Itatiba;-;3;-;-;-;121;-;-;1;125
352350 Itatinga;-;-;-;-;-;8;-;-;-;8
352360 Itirapina;-;4;4;-;-;578;9;1;1;597
352370 Itirapuã;-;24;-;-;-;4;-;-;-;28
352380 Itobi;-;-;-;-;-;81;-;-;-;81
352390 Itu;-;10;-;-;-;1341;5;2;-;1358
352400 Itupeva;-;-;-;-;-;161;-;-;-;161
352410 Ituverava;-;14;-;-;-;83;-;-;5;102
352420 Jaborandi;-;-;-;-;-;41;1;-;-;42
352430 Jaboticabal;-;4;-;-;-;191;-;-;-;195
352440 Jacareí;-;1;-;-;-;3250;7;8;-;3266
352450 Jaci;-;-;-;-;-;196;8;-;-;204
352460 Jacupiranga;-;2;-;-;-;46;1;-;2;51
352470 Jaguariúna;-;3;-;-;-;1112;2;1;-;1118
352480 Jales;-;10;-;-;-;3340;1;-;-;3351
352490 Jambeiro;-;-;-;-;-;14;-;-;1;15
352500 Jandira;-;10;-;-;-;1133;69;2;2;1216
352510 Jardinópolis;-;77;-;-;-;199;-;-;-;276
352520 Jarinu;-;-;-;-;-;27;-;-;-;27
352530 Jaú;-;-;-;-;-;240;-;-;-;240
352540 Jeriquara;-;-;-;-;-;3;-;-;1;4
352550 Joanópolis;-;-;-;-;-;4;-;-;-;4
352560 João Ramalho;-;-;-;-;-;38;-;-;-;38
352570 José Bonifácio;-;-;-;-;-;588;3;5;1;597
352580 Júlio Mesquita;-;1;-;-;-;295;-;3;-;299
352585 Jumirim;-;-;-;-;-;3;-;-;-;3
352590 Jundiaí;-;-;-;-;-;3787;5;-;-;3792
352600 Junqueirópolis;-;-;-;-;-;589;-;-;-;589
352610 Juquiá;-;44;-;-;-;8;-;-;-;52
352620 Juquitiba;-;-;-;-;-;19;-;-;-;19
352640 Laranjal Paulista;-;-;-;-;-;148;-;-;-;148
352650 Lavínia;-;-;-;-;-;142;-;1;5;148
352660 Lavrinhas;-;-;-;-;-;6;-;-;-;6
352670 Leme;-;-;-;-;-;190;-;-;-;190
352680 Lençóis Paulista;-;-;-;-;-;407;1;1;-;409
352690 Limeira;-;4;-;-;-;19115;383;21;-;19523
352700 Lindóia;-;3;-;-;-;31;1;-;-;35
352710 Lins;-;-;-;-;-;1756;1;2;2;1761
352720 Lorena;-;70;-;-;-;1525;-;-;78;1673
352725 Lourdes;-;1;-;-;-;19;-;-;-;20
352730 Louveira;-;1;-;-;-;355;-;-;-;356
352740 Lucélia;-;-;-;-;-;277;1;2;-;280
352750 Lucianópolis;-;-;-;-;-;7;-;-;-;7
352760 Luís Antônio;-;133;-;-;-;7;-;1;1;142
352770 Luiziânia;-;30;-;-;-;15;-;1;-;46
352780 Lupércio;-;1;-;-;-;36;-;1;-;38
352790 Lutécia;-;1;-;-;-;52;-;-;-;53
352800 Macatuba;-;-;-;-;-;94;-;-;-;94
352810 Macaubal;-;-;-;-;-;45;-;-;1;46
352820 Macedônia;-;-;-;-;-;31;-;-;-;31
352830 Magda;-;-;-;-;-;38;-;-;-;38
352840 Mairinque;-;-;-;-;-;197;-;-;-;197
352850 Mairiporã;-;-;-;-;-;191;-;-;-;191
352860 Manduri;-;-;-;-;-;2;-;-;-;2
352870 Marabá Paulista;-;-;-;-;-;12;-;-;-;12
352880 Maracaí;-;-;-;-;-;509;5;-;3;517
352885 Marapoama;-;-;-;-;-;52;-;-;-;52
352890 Mariápolis;-;-;-;-;-;154;2;-;-;156
352900 Marília;-;491;3;-;-;17635;111;39;7;18286
352910 Marinópolis;-;-;-;-;-;20;-;-;3;23
352920 Martinópolis;-;1;-;-;-;89;-;-;-;90
352930 Matão;-;11;-;-;-;690;-;-;-;701
352940 Mauá;-;2;-;-;-;479;4;-;-;485
352950 Mendonça;-;-;-;-;-;339;3;2;-;344
352960 Meridiano;-;-;-;-;-;65;-;-;-;65
352965 Mesópolis;-;-;-;-;-;55;-;-;-;55
352970 Miguelópolis;-;12;-;-;-;1;-;-;-;13
352980 Mineiros do Tietê;-;-;-;-;-;26;-;-;-;26
353000 Mira Estrela;-;-;-;-;-;31;-;-;2;33
352990 Miracatu;-;1;-;-;-;529;1;-;-;531
353010 Mirandópolis;-;-;-;-;-;525;-;-;1;526
353020 Mirante do Paranapanema;-;4;-;-;-;100;-;-;-;104
353030 Mirassol;-;-;-;-;-;442;4;-;-;446
353040 Mirassolândia;-;-;-;-;-;98;-;-;-;98
353050 Mococa;-;4;-;-;-;3354;7;6;-;3371
353060 Mogi das Cruzes;-;121;-;-;-;650;-;2;-;773
353070 Mogi Guaçu;-;32;17;-;1;8772;3;-;1;8826
353080 Mogi Mirim;-;4;1;-;-;165;3;5;-;178
353090 Mombuca;-;-;-;-;-;22;-;-;-;22
353100 Monções;-;-;-;-;-;57;-;-;-;57
353110 Mongaguá;-;8;-;-;-;920;2;2;1;933
353120 Monte Alegre do Sul;-;2;-;-;-;20;-;-;-;22
353130 Monte Alto;-;2;-;-;-;260;-;-;3;265
353140 Monte Aprazível;-;-;-;-;-;594;3;1;-;598
353150 Monte Azul Paulista;-;93;-;-;-;285;-;-;-;378
353160 Monte Castelo;-;2;-;-;-;10;-;-;-;12
353180 Monte Mor;-;-;-;-;-;825;7;2;-;834
353170 Monteiro Lobato;-;-;-;-;-;1;-;-;-;1
353190 Morro Agudo;-;8;-;-;-;64;-;1;-;73
353200 Morungaba;-;-;-;-;-;16;-;-;-;16
353205 Motuca;-;4;-;-;-;1;-;-;-;5
353210 Murutinga do Sul;-;-;-;-;-;96;-;-;-;96
353215 Nantes;-;-;-;-;-;13;-;-;-;13
353220 Narandiba;-;-;-;-;-;15;-;-;-;15
353230 Natividade da Serra;-;4;-;-;-;1;-;-;-;5
353240 Nazaré Paulista;-;1;-;-;-;3;-;-;-;4
353250 Neves Paulista;-;-;-;-;-;782;1;-;-;783
353260 Nhandeara;-;-;-;-;-;71;-;-;-;71
353270 Nipoã;-;-;-;-;-;132;2;-;-;134
353280 Nova Aliança;-;-;-;-;-;122;-;-;-;122
353284 Nova Canaã Paulista;-;-;-;-;-;283;1;1;-;285
353290 Nova Europa;-;-;-;-;-;3;-;-;-;3
353300 Nova Granada;-;-;-;-;-;125;1;-;-;126
353310 Nova Guataporanga;-;1;-;-;-;65;-;-;-;66
353320 Nova Independência;-;-;-;-;-;55;-;-;-;55
353330 Nova Luzitânia;-;1;-;-;-;10;-;-;-;11
353340 Nova Odessa;-;6;-;-;-;1803;3;4;-;1816
353325 Novais;-;2;-;-;-;49;-;-;-;51
353350 Novo Horizonte;-;1;-;-;-;291;1;-;-;293
353360 Nuporanga;-;29;-;-;-;143;-;-;6;178
353370 Ocauçu;-;20;6;-;-;1;-;-;-;27
353390 Olímpia;-;1;-;-;-;503;1;-;-;505
353400 Onda Verde;-;-;-;1;-;716;-;3;-;720
353410 Oriente;-;7;-;-;-;175;2;-;-;184
353420 Orindiúva;-;-;-;-;-;108;-;-;-;108
353430 Orlândia;-;427;-;-;-;8;-;-;-;435
353440 Osasco;-;21;1;-;-;883;9;1;2;917
353450 Oscar Bressane;-;-;-;-;-;30;-;-;-;30
353460 Osvaldo Cruz;-;-;-;-;-;841;1;-;-;842
353470 Ourinhos;-;2;-;-;-;6280;-;-;1;6283
353480 Ouro Verde;-;1;-;-;-;134;-;-;-;135
353475 Ouroeste;-;-;-;-;-;246;-;-;-;246
353490 Pacaembu;-;-;-;-;-;166;1;-;-;167
353500 Palestina;-;1;-;-;-;267;2;-;-;270
353510 Palmares Paulista;-;-;-;-;-;413;4;3;-;420
353520 Palmeira d'Oeste;-;2;-;-;-;17;-;-;5;24
353530 Palmital;-;1;-;-;-;425;1;-;-;427
353540 Panorama;-;2;-;-;-;145;-;-;-;147
353550 Paraguaçu Paulista;-;12;-;-;-;4348;10;1;6;4377
353560 Paraibuna;-;2;-;-;-;73;-;-;3;78
353570 Paraíso;-;-;-;-;-;57;-;-;-;57
353580 Paranapanema;-;-;-;-;-;76;-;-;-;76
353590 Paranapuã;-;-;-;-;-;36;-;-;-;36
353600 Parapuã;-;-;-;-;-;444;4;1;-;449
353610 Pardinho;-;-;-;-;-;12;-;-;-;12
353620 Pariquera-Açu;-;10;-;-;-;118;1;-;-;129
353625 Parisi;-;-;-;-;-;33;-;-;-;33
353630 Patrocínio Paulista;-;-;-;-;-;5;1;-;-;6
353640 Paulicéia;-;1;-;-;-;18;-;-;-;19
353650 Paulínia;-;11;-;-;-;2388;5;1;-;2405
353657 Paulistânia;-;-;-;-;-;17;-;-;-;17
353660 Paulo de Faria;-;-;-;-;-;116;1;-;-;117
353670 Pederneiras;-;-;-;-;-;687;6;-;-;693
353690 Pedranópolis;-;-;-;-;-;28;-;-;-;28
353700 Pedregulho;-;18;-;-;-;10;-;-;3;31
353710 Pedreira;-;2;-;-;-;301;-;-;-;303
353715 Pedrinhas Paulista;-;-;-;-;-;56;-;-;-;56
353720 Pedro de Toledo;-;1;-;-;-;174;-;-;-;175
353730 Penápolis;-;52;-;-;-;2873;6;9;-;2940
353740 Pereira Barreto;-;2;-;-;-;350;6;-;1;359
353750 Pereiras;-;1;-;-;-;9;-;-;-;10
353760 Peruíbe;-;5;-;-;-;2404;9;-;1;2419
353770 Piacatu;-;-;-;-;-;8;2;-;-;10
353780 Piedade;-;-;-;-;-;60;-;-;-;60
353790 Pilar do Sul;-;-;-;-;-;13;-;-;-;13
353800 Pindamonhangaba;-;-;-;-;-;952;1;-;-;953
353810 Pindorama;-;-;-;-;-;130;2;1;-;133
353820 Pinhalzinho;-;-;-;-;-;3;-;-;-;3
353830 Piquerobi;-;1;-;-;-;-;-;-;1;2
353850 Piquete;-;-;-;-;-;101;1;-;-;102
353860 Piracaia;-;2;-;-;-;283;2;-;1;288
353870 Piracicaba;-;10;-;-;-;3778;-;4;-;3792
353880 Piraju;-;-;-;-;-;61;-;-;-;61
353890 Pirajuí;-;-;-;-;-;1515;2;-;1;1518
353900 Pirangi;-;-;-;-;-;933;-;4;-;937
353910 Pirapora do Bom Jesus;-;8;-;3;-;67;1;-;1;80
353920 Pirapozinho;-;1;-;-;-;1575;2;1;-;1579
353930 Pirassununga;-;4;-;-;-;4368;1;5;1;4379
353940 Piratininga;-;-;-;-;-;404;-;-;-;404
353950 Pitangueiras;-;-;-;-;-;231;-;-;-;231
353960 Planalto;-;-;-;-;-;249;3;-;9;261
353970 Platina;-;-;-;-;-;10;-;-;-;10
353980 Poá;-;-;-;-;-;151;-;-;35;186
353990 Poloni;-;-;-;-;-;35;-;-;-;35
354000 Pompéia;-;98;-;-;-;336;-;2;-;436
354010 Pongaí;-;-;-;-;-;30;-;-;-;30
354020 Pontal;-;6;-;-;-;219;1;1;-;227
354025 Pontalinda;-;-;-;-;-;72;-;-;-;72
354030 Pontes Gestal;-;-;-;-;-;63;1;-;-;64
354040 Populina;-;5;5;-;-;97;-;-;-;107
354050 Porangaba;-;-;-;-;-;21;-;-;-;21
354060 Porto Feliz;-;-;-;-;-;659;1;-;-;660
354070 Porto Ferreira;-;59;-;-;-;4394;1;2;-;4456
354075 Potim;-;1;-;-;-;888;-;1;2;892
354080 Potirendaba;-;-;-;-;-;146;2;-;2;150
354085 Pracinha;-;-;-;-;-;25;-;-;-;25
354090 Pradópolis;-;1;-;-;-;48;-;-;2;51
354100 Praia Grande;-;11;-;-;-;3618;15;7;1;3652
354105 Pratânia;-;-;-;-;-;5;1;-;-;6
354110 Presidente Alves;-;-;-;-;-;20;-;-;-;20
354120 Presidente Bernardes;-;-;-;-;-;92;-;-;1;93
354130 Presidente Epitácio;-;-;-;-;-;244;1;-;10;255
354140 Presidente Prudente;-;39;-;-;-;3375;13;3;13;3443
354150 Presidente Venceslau;-;-;-;-;-;578;-;-;2;580
354160 Promissão;-;-;-;-;-;418;1;-;-;419
354170 Quatá;-;1;-;-;-;331;1;-;-;333
354180 Queiroz;-;51;-;-;-;7;-;-;-;58
354190 Queluz;-;-;-;-;-;190;-;-;124;314
354200 Quintana;-;1;-;-;-;5;-;-;-;6
354210 Rafard;-;-;-;-;-;181;-;-;-;181
354220 Rancharia;-;-;-;-;-;405;2;3;1;411
354230 Redenção da Serra;-;-;-;-;-;5;-;-;-;5
354240 Regente Feijó;-;-;-;-;-;94;-;-;-;94
354250 Reginópolis;-;-;-;-;-;6;-;-;-;6
354260 Registro;-;287;-;-;-;37;2;-;9;335
354270 Restinga;-;53;-;-;-;3;-;-;-;56
354280 Ribeira;-;-;-;-;-;1;-;-;-;1
354290 Ribeirão Bonito;-;-;-;-;-;294;-;-;-;294
354310 Ribeirão Corrente;-;-;-;-;-;18;-;-;-;18
354320 Ribeirão do Sul;-;-;-;-;-;58;-;-;3;61
354323 Ribeirão dos Índios;-;5;-;-;-;34;-;-;-;39
354325 Ribeirão Grande;-;-;-;-;-;2;-;-;-;2
354330 Ribeirão Pires;-;1;-;-;-;26;1;-;-;28
354340 Ribeirão Preto;-;13;1;-;-;5106;8;2;3;5133
354360 Rifaina;-;112;-;-;-;53;1;1;-;167
354370 Rincão;-;63;-;-;-;44;-;-;-;107
354380 Rinópolis;-;-;-;-;-;352;-;-;-;352
354390 Rio Claro;-;10;-;-;-;21850;51;12;-;21923
354400 Rio das Pedras;-;-;-;-;-;377;-;-;-;377
354420 Riolândia;-;-;-;-;-;185;-;-;-;185
354425 Rosana;-;3;-;-;-;552;-;-;-;555
354430 Roseira;-;-;-;-;-;24;-;-;33;57
354440 Rubiácea;-;57;-;-;-;66;-;-;-;123
354450 Rubinéia;-;-;-;-;-;49;-;-;2;51
354460 Sabino;-;-;-;-;-;108;2;-;-;110
354470 Sagres;-;-;-;-;-;42;-;-;-;42
354480 Sales;-;-;-;-;-;377;1;-;2;380
354490 Sales Oliveira;-;4;-;-;-;11;1;-;-;16
354500 Salesópolis;-;-;-;-;-;13;-;-;1;14
354510 Salmourão;-;-;-;-;-;91;-;-;-;91
354515 Saltinho;-;34;-;1;-;2;-;-;-;37
354520 Salto;-;-;-;-;-;1433;3;-;-;1436
354530 Salto de Pirapora;-;-;-;-;-;1814;37;2;-;1853
354540 Salto Grande;-;-;-;-;-;65;-;-;-;65
354550 Sandovalina;-;-;-;-;-;23;-;-;-;23
354560 Santa Adélia;-;-;-;-;-;334;2;3;-;339
354570 Santa Albertina;-;-;-;-;-;236;-;-;-;236
354580 Santa Bárbara d'Oeste;-;4;-;-;-;2215;5;5;3;2232
354600 Santa Branca;-;-;-;-;-;24;-;1;-;25
354610 Santa Clara d'Oeste;-;19;-;-;-;6;-;-;1;26
354620 Santa Cruz da Conceição;-;-;-;-;-;21;-;-;-;21
354625 Santa Cruz da Esperança;-;17;-;-;-;1;-;-;-;18
354630 Santa Cruz das Palmeiras;-;2;-;-;-;871;-;1;3;877
354640 Santa Cruz do Rio Pardo;-;-;-;-;-;671;-;-;1;672
354650 Santa Ernestina;-;3;-;-;-;184;-;-;-;187
354660 Santa Fé do Sul;-;3;-;-;-;503;1;1;9;517
354670 Santa Gertrudes;-;-;-;-;-;205;1;-;-;206
354680 Santa Isabel;-;192;-;-;-;14;2;-;1;209
354690 Santa Lúcia;-;91;-;-;-;2;-;-;-;93
354700 Santa Maria da Serra;-;-;-;-;-;19;-;-;-;19
354710 Santa Mercedes;-;-;-;-;-;83;-;-;-;83
354740 Santa Rita d'Oeste;-;-;-;-;-;162;-;-;1;163
354750 Santa Rita do Passa Quatro;-;-;-;-;-;736;4;1;-;741
354760 Santa Rosa de Viterbo;-;1;-;-;-;81;-;-;-;82
354765 Santa Salete;-;-;-;-;-;5;-;-;-;5
354720 Santana da Ponte Pensa;-;1;-;-;-;15;-;-;1;17
354730 Santana de Parnaíba;-;14;-;-;-;843;-;-;-;857
354770 Santo Anastácio;-;1;-;-;-;95;-;-;63;159
354780 Santo André;-;8;-;-;-;1443;12;4;-;1467
354790 Santo Antônio da Alegria;-;-;-;-;-;9;-;-;-;9
354800 Santo Antônio de Posse;-;-;-;-;-;3187;5;1;-;3193
354805 Santo Antônio do Aracanguá;-;-;-;-;-;69;-;-;-;69
354810 Santo Antônio do Jardim;-;-;-;-;-;63;1;-;-;64
354820 Santo Antônio do Pinhal;-;-;-;-;-;1;-;-;-;1
354830 Santo Expedito;-;-;-;-;-;5;-;-;-;5
354840 Santópolis do Aguapeí;-;-;-;-;-;19;-;-;2;21
354850 Santos;-;-;-;-;-;3711;13;8;8;3740
354860 São Bento do Sapucaí;-;-;-;-;-;10;-;-;-;10
354870 São Bernardo do Campo;-;31;-;-;-;2814;35;2;-;2882
354880 São Caetano do Sul;-;-;-;-;-;374;-;-;-;374
354890 São Carlos;-;108;-;-;-;4760;9;3;6;4886
354900 São Francisco;-;-;-;-;-;21;-;-;-;21
354910 São João da Boa Vista;-;11;3;-;-;4258;1257;-;2;5531
354920 São João das Duas Pontes;-;-;-;-;-;136;-;-;5;141
354925 São João de Iracema;-;-;-;-;-;2;-;-;-;2
354930 São João do Pau d'Alho;-;-;-;-;-;13;-;-;-;13
354940 São Joaquim da Barra;-;467;-;-;-;264;1;-;104;836
354950 São José da Bela Vista;-;26;-;-;-;11;1;-;-;38
354960 São José do Barreiro;-;-;-;-;-;73;-;-;2;75
354970 São José do Rio Pardo;-;2;-;-;-;1017;1;-;-;1020
354980 São José do Rio Preto;-;2;-;-;-;22612;157;30;3;22804
354990 São José dos Campos;-;1;-;-;-;14540;22;15;-;14578
354995 São Lourenço da Serra;-;11;-;-;-;-;-;-;-;11
355000 São Luís do Paraitinga;-;-;-;-;-;4;-;-;-;4
355010 São Manuel;-;-;-;-;-;335;1;-;-;336
355020 São Miguel Arcanjo;-;-;-;-;-;22;-;-;-;22
355030 São Paulo;-;741;1;-;-;43546;101;39;164;44592
355040 São Pedro;-;-;-;-;-;356;-;-;-;356
355050 São Pedro do Turvo;-;-;7;-;-;176;-;-;51;234
355060 São Roque;-;-;-;-;-;518;1;-;1;520
355070 São Sebastião;-;32;1;-;-;4767;1;-;-;4801
355080 São Sebastião da Grama;-;-;-;-;-;14;-;-;-;14
355090 São Simão;-;-;-;-;-;288;-;-;-;288
355100 São Vicente;-;1;-;-;-;687;19;1;2;710
355110 Sarapuí;-;-;-;-;-;2;39;-;-;41
355120 Sarutaiá;-;-;-;-;-;3;-;-;-;3
355130 Sebastianópolis do Sul;-;1;-;-;-;9;1;-;-;11
355140 Serra Azul;-;1;-;-;-;176;-;-;-;177
355160 Serra Negra;-;2;-;-;-;131;-;-;-;133
355150 Serrana;-;2;1;-;-;391;-;-;2;396
355170 Sertãozinho;-;2;1;-;-;957;1;1;-;962
355180 Sete Barras;-;2;-;-;-;3;-;-;2;7
355190 Severínia;-;-;-;-;-;180;-;-;-;180
355200 Silveiras;-;1;-;-;-;6;-;-;-;7
355210 Socorro;-;29;-;-;-;474;-;-;-;503
355220 Sorocaba;-;18;-;-;-;52584;4825;43;4;57474
355230 Sud Mennucci;-;1;1;1;-;308;1;-;-;312
355240 Sumaré;-;1;-;-;-;12145;1883;16;3;14048
355255 Suzanápolis;-;144;1;-;-;11;-;-;2;158
355250 Suzano;-;50;-;-;-;301;1;-;42;394
355260 Tabapuã;-;-;-;-;-;686;-;4;-;690
355270 Tabatinga;-;-;-;-;-;319;-;-;-;319
355280 Taboão da Serra;-;15;-;-;-;2708;6;-;1;2730
355290 Taciba;-;5;-;-;-;2;-;-;-;7
355300 Taguaí;-;-;-;-;-;20;-;-;-;20
355310 Taiaçu;-;-;-;-;-;82;-;-;-;82
355320 Taiúva;-;-;-;-;-;62;-;-;1;63
355330 Tambaú;-;2;-;-;-;1698;-;1;11;1712
355340 Tanabi;-;-;-;-;-;1780;5;1;-;1786
355350 Tapiraí;-;-;-;-;-;2;-;-;-;2
355360 Tapiratiba;-;3;-;-;-;255;-;-;-;258
355365 Taquaral;-;-;-;-;-;17;-;-;-;17
355370 Taquaritinga;-;-;-;-;-;501;-;-;-;501
355380 Taquarituba;-;-;-;-;-;42;3;-;-;45
355390 Tarabai;-;-;-;-;-;40;1;-;-;41
355395 Tarumã;-;-;-;-;-;304;2;-;1;307
355400 Tatuí;-;-;-;-;-;461;1;-;-;462
355410 Taubaté;-;1;-;-;-;2526;6;1;-;2534
355430 Teodoro Sampaio;-;1;-;-;-;113;-;-;-;114
355440 Terra Roxa;-;-;-;-;-;107;-;1;1;109
355450 Tietê;-;-;-;-;-;253;-;-;7;260
355460 Timburi;-;-;-;-;-;1;-;-;-;1
355465 Torre de Pedra;-;-;-;-;-;1;-;-;-;1
355470 Torrinha;-;-;-;-;-;26;-;-;-;26
355475 Trabiju;-;1;-;-;-;139;1;-;-;141
355480 Tremembé;-;1;-;-;-;302;-;-;1;304
355490 Três Fronteiras;-;1;-;-;-;86;-;-;84;171
355495 Tuiuti;-;6;-;-;-;4;1;-;1;12
355500 Tupã;-;-;-;-;-;2392;15;9;-;2416
355510 Tupi Paulista;-;-;-;-;-;687;-;-;-;687
355520 Turiúba;-;1;-;-;-;81;-;-;-;82
355530 Turmalina;-;-;-;-;-;40;-;-;-;40
355535 Ubarana;-;-;-;-;-;232;1;-;-;233
355540 Ubatuba;-;8;-;-;-;2332;7;-;5;2352
355550 Ubirajara;-;6;-;-;-;125;-;1;-;132
355560 Uchoa;-;-;-;-;-;390;2;-;-;392
355570 União Paulista;-;-;-;-;-;3;-;-;-;3
355580 Urânia;-;7;-;-;-;816;1;-;-;824
355590 Uru;-;-;-;-;-;25;-;-;-;25
355600 Urupês;-;-;-;-;-;36;1;-;1;38
355610 Valentim Gentil;-;1;-;-;-;122;-;-;-;123
355620 Valinhos;-;396;-;-;-;721;3;2;1;1123
355630 Valparaíso;-;1;-;-;-;405;6;-;1;413
355635 Vargem;-;-;-;-;-;1;2;-;-;3
355640 Vargem Grande do Sul;-;-;-;-;-;760;3;-;-;763
355645 Vargem Grande Paulista;-;-;-;-;-;89;1;-;-;90
355650 Várzea Paulista;-;-;-;-;-;1641;-;-;-;1641
355660 Vera Cruz;-;2;-;-;-;378;-;2;-;382
355670 Vinhedo;-;-;-;-;-;963;2;1;-;966
355680 Viradouro;-;-;-;-;-;189;-;-;1;190
355690 Vista Alegre do Alto;-;-;-;-;-;114;2;-;2;118
355695 Vitória Brasil;-;3;-;-;-;47;1;-;-;51
355700 Votorantim;-;12;-;-;-;1372;210;1;-;1595
355710 Votuporanga;-;1;-;-;-;1333;-;-;1;1335
355715 Zacarias;-;-;-;-;-;165;-;-;1;166
410010 Abatiá;-;-;-;-;-;2;-;-;-;2
410140 Apucarana;-;-;-;-;-;1;-;-;-;1
410210 Astorga;-;-;-;-;-;1;-;-;-;1
410240 Bandeirantes;-;-;-;-;-;3;-;-;-;3
410250 Barbosa Ferraz;-;-;-;-;-;1;-;-;-;1
410360 Cambará;-;-;-;-;-;1;-;-;-;1
410430 Campo Mourão;-;-;-;-;-;1;-;-;-;1
410470 Carlópolis;-;-;-;-;-;1;-;-;-;1
410480 Cascavel;-;-;-;-;-;2;-;-;-;2
410490 Castro;-;-;-;-;-;1;-;-;-;1
410510 Centenário do Sul;-;-;-;-;-;1;-;-;-;1
410550 Cianorte;-;-;-;-;-;1;-;-;-;1
410590 Colorado;-;-;-;-;-;1;-;-;-;1
410670 Cruzeiro do Sul;-;-;-;-;-;1;-;-;-;1
410690 Curitiba;-;-;-;-;-;10;-;-;-;10
410830 Foz do Iguaçu;-;-;-;-;-;3;-;-;-;3
410880 Guaíra;-;-;-;-;-;-;1;-;-;1
410960 Guaratuba;-;-;-;-;-;1;-;-;-;1
411100 Itambaracá;-;-;-;-;-;1;-;-;-;1
411110 Itambé;-;-;-;-;-;1;-;-;-;1
411170 Jaboti;-;-;-;-;-;1;-;-;-;1
411180 Jacarezinho;-;-;-;-;-;1;-;-;-;1
411200 Jaguariaíva;-;-;-;-;-;1;-;-;-;1
411270 Jataizinho;-;-;-;-;-;1;-;-;-;1
411350 Loanda;-;-;-;-;-;1;-;-;-;1
411370 Londrina;-;1;-;-;-;11;-;-;-;12
411470 Maria Helena;-;-;-;-;-;1;-;-;-;1
411480 Marialva;-;-;-;-;-;1;-;-;-;1
411520 Maringá;-;-;-;-;-;9;-;-;-;9
411690 Nova Esperança;-;-;-;-;-;1;-;-;-;1
411840 Paranavaí;-;-;-;-;-;1;-;-;-;1
412000 Porecatu;-;-;-;-;-;1;-;-;-;1
412060 Prudentópolis;-;-;-;-;-;1;-;-;-;1
412180 Ribeirão Claro;-;-;-;-;-;1;-;-;-;1
412240 Rolândia;-;1;-;-;-;1;-;-;-;2
412310 Santa Amélia;-;-;-;-;-;1;-;-;-;1
412390 Santa Mariana;-;-;-;-;-;1;-;-;-;1
412410 Santo Antônio da Platina;-;-;-;-;-;2;-;-;-;2
412490 São João do Caiuá;-;-;-;-;-;3;-;-;-;3
412590 São Pedro do Paraná;-;-;-;-;-;1;-;-;-;1
412660 Siqueira Campos;-;-;-;-;-;1;-;-;-;1
412710 Telêmaco Borba;-;-;-;-;-;1;-;-;-;1
412730 Terra Rica;-;1;-;-;-;1;-;-;-;2
412740 Terra Roxa;-;-;-;-;-;2;-;-;-;2
412810 Umuarama;-;-;-;-;-;1;-;-;-;1
420200 Balneário Camboriú;-;2;-;-;-;1;-;-;-;3
420209 Barra Bonita;-;-;-;-;-;1;-;-;-;1
420320 Camboriú;-;-;-;-;-;3;-;-;-;3
420460 Criciúma;-;-;-;-;-;1;-;-;-;1
420540 Florianópolis;-;1;-;-;-;7;-;-;-;8
420820 Itajaí;-;-;-;-;-;2;1;-;-;3
420910 Joinville;-;-;-;-;-;1;-;-;-;1
431020 Ijuí;-;-;-;-;-;-;-;-;1;1
500020 Água Clara;-;-;-;-;-;4;-;-;-;4
500070 Anastácio;-;-;-;-;-;1;-;-;-;1
500100 Aparecida do Taboado;-;-;-;-;-;5;-;-;1;6
500110 Aquidauana;-;-;-;-;-;2;-;-;-;2
500190 Bataguassu;-;-;-;-;-;5;-;-;1;6
500220 Bonito;-;-;-;-;-;3;-;-;-;3
500230 Brasilândia;-;-;-;-;-;9;-;-;-;9
500240 Caarapó;-;-;-;-;-;1;-;-;-;1
500270 Campo Grande;-;-;-;-;-;22;-;-;-;22
500290 Cassilândia;-;-;-;-;-;3;-;-;-;3
500295 Chapadão do Sul;-;-;-;-;-;2;-;-;-;2
500320 Corumbá;-;-;-;-;-;1;-;-;-;1
500325 Costa Rica;-;-;-;-;-;3;-;-;-;3
500330 Coxim;-;-;-;-;-;1;-;-;-;1
500370 Dourados;-;-;-;-;-;9;-;-;1;10
500400 Glória de Dourados;-;1;-;-;-;1;-;-;-;2
500440 Inocência;-;-;-;-;-;1;-;-;-;1
500460 Itaquiraí;-;-;-;-;-;3;-;-;-;3
500500 Jardim;-;-;-;-;-;1;-;-;-;1
500540 Maracaju;-;-;-;-;-;2;-;-;-;2
500570 Naviraí;-;-;-;-;-;1;-;-;-;1
500600 Nova Alvorada do Sul;-;-;-;-;-;2;-;-;-;2
500620 Nova Andradina;-;-;-;-;-;2;-;-;-;2
500630 Paranaíba;-;-;-;-;-;1;-;-;-;1
500660 Ponta Porã;-;-;-;-;-;3;-;-;-;3
500690 Porto Murtinho;-;-;-;-;-;1;-;-;-;1
500710 Ribas do Rio Pardo;-;-;-;-;-;3;-;-;-;3
500755 Santa Rita do Pardo;-;-;-;-;-;1;-;-;-;1
500780 Selvíria;-;-;-;-;-;2;-;-;-;2
500770 Sete Quedas;-;-;-;-;-;1;-;-;-;1
500830 Três Lagoas;-;-;-;-;-;20;-;-;-;20
510190 Brasnorte;-;-;-;-;-;1;-;-;-;1
510260 Campinápolis;-;-;-;-;-;1;-;-;-;1
510340 Cuiabá;-;-;-;-;-;9;-;-;1;10
510480 Jaciara;-;-;-;-;-;1;-;-;-;1
510562 Mirassol d'Oeste;-;-;-;-;-;1;-;-;-;1
510625 Nova Xavantina;-;-;-;-;-;1;-;-;-;1
510637 Pedra Preta;-;2;-;-;-;-;-;-;-;2
510682 Porto Esperidião;-;-;-;-;-;1;-;-;-;1
510706 Querência;-;-;-;-;-;1;-;-;-;1
510760 Rondonópolis;-;-;-;-;-;2;-;-;-;2
510777 Santa Terezinha;-;-;-;-;-;1;-;-;-;1
510790 Sinop;-;-;-;-;-;1;-;-;-;1
520110 Anápolis;-;-;-;-;-;2;-;-;-;2
520350 Bom Jesus de Goiás;-;-;-;-;-;1;-;-;-;1
520450 Caldas Novas;-;2;-;-;-;13;-;-;-;15
520510 Catalão;-;-;-;-;-;1;-;-;-;1
520547 Chapadão do Céu;-;-;-;-;-;1;-;-;-;1
520725 Doverlândia;-;-;-;-;-;1;-;-;-;1
520800 Formosa;-;-;-;-;-;1;-;-;-;1
520860 Goianésia;-;-;-;-;-;2;-;-;-;2
520870 Goiânia;-;-;-;-;-;27;-;-;-;27
520890 Goiás;-;3;-;-;-;1;-;-;-;4
521150 Itumbiara;-;-;-;-;-;1;-;-;-;1
521190 Jataí;-;-;-;-;-;1;-;-;-;1
521380 Morrinhos;-;-;-;-;-;1;-;-;-;1
521405 Mundo Novo;-;-;-;-;-;1;-;-;-;1
521570 Palmeiras de Goiás;-;-;-;-;-;1;-;-;-;1
521630 Paranaiguara;-;-;-;-;-;1;-;-;-;1
521730 Pirenópolis;-;1;-;-;-;1;-;-;-;2
521810 Portelândia;-;-;-;-;-;1;-;-;-;1
521850 Quirinópolis;-;-;-;-;-;2;-;-;-;2
521880 Rio Verde;-;-;-;-;-;1;-;-;-;1
521890 Rubiataba;-;-;-;-;-;1;-;-;-;1
521971 Santo Antônio da Barra;-;-;-;-;-;1;-;-;-;1
522045 Senador Canedo;-;-;-;-;-;1;-;-;-;1
522140 Trindade;-;-;-;-;-;5;-;-;-;5
522205 Vicentinópolis;-;-;-;-;-;1;-;-;-;1
530010 Brasília;-;-;-;-;-;6;-;-;-;6
000000 Ignorado ou exterior;3;1590;9;2;2;38068;378;31;49565;89648
000000 Total;3;11821;76;9;5;672831;13484;679;51052;749960
