DENGUE - Notificações registradas no Sistema de Informação de Agravos de Notificação - São Paulo;;;;
Casos Prováveis por Município infecção e Ocorreu hospitalização       ;;;;
Período:2015;;;;
Município infecção;Ign/Branco;Sim;Não;Total
110015 Ouro Preto do Oeste;-;-;1;1
110020 Porto Velho;1;1;2;4
110032 São Miguel do Guaporé;-;-;1;1
130260 Manaus;-;-;1;1
150140 Belém;1;-;1;2
150635 Santa Bárbara do Pará;-;-;1;1
150812 Ulianópolis;-;-;1;1
170070 Alvorada;-;-;2;2
170290 Axixá do Tocantins;-;-;1;1
172100 Palmas;1;-;1;2
210040 Altamira do Maranhão;1;-;-;1
210250 Cajari;-;-;1;1
210780 Parnarama;1;-;-;1
210955 Ribamar Fiquene;-;-;1;1
211130 São Luís;1;-;1;2
211140 São Luís Gonzaga do Maranhão;-;-;1;1
211220 Timon;-;-;1;1
220115 Baixa Grande do Ribeiro;-;-;1;1
220525 Jardim do Mulato;-;-;1;1
220700 Oeiras;-;-;1;1
221060 São Raimundo Nonato;1;-;-;1
221100 Teresina;1;-;2;3
230030 Acopiara;-;-;1;1
230060 Altaneira;-;-;1;1
230190 Barbalha;-;-;1;1
230410 Crateús;1;-;-;1
230440 Fortaleza;6;1;13;20
230460 General Sampaio;-;-;1;1
230550 Iguatu;1;1;-;2
230580 Ipu;1;-;-;1
230640 Itapipoca;1;-;-;1
230730 Juazeiro do Norte;1;-;1;2
230765 Maracanaú;1;-;-;1
230810 Mauriti;1;-;-;1
230900 Mucambo;1;-;-;1
231126 Quiterianópolis;-;-;1;1
231140 Quixeramobim;-;-;1;1
231290 Sobral;1;-;-;1
231350 Trairi;-;-;2;2
231410 Viçosa do Ceará;1;-;1;2
240570 Jardim do Seridó;-;-;1;1
240650 Lagoa Nova;1;-;-;1
240810 Natal;3;-;7;10
250010 Água Branca;-;-;1;1
250370 Cajazeiras;-;-;1;1
250660 Ibiara;-;1;-;1
250700 Itaporanga;1;-;-;1
250750 João Pessoa;3;-;8;11
250900 Manaíra;-;-;1;1
251080 Patos;1;-;-;1
251130 Piancó;2;-;-;2
251450 São José de Piranhas;-;-;1;1
251540 São Vicente do Seridó;-;-;1;1
251550 Serra Branca;-;-;2;2
251620 Sousa;-;-;1;1
260050 Águas Belas;-;-;1;1
260120 Arcoverde;1;-;-;1
260170 Belo Jardim;-;-;2;2
260220 Bom Jardim;1;-;-;1
260410 Caruaru;1;-;5;6
260430 Cedro;-;-;1;1
260510 Custódia;-;-;1;1
260530 Exu;-;-;1;1
260540 Feira Nova;1;-;-;1
260545 Fernando de Noronha;1;-;-;1
260600 Garanhuns;-;-;1;1
260620 Goiana;-;-;1;1
260720 Ipojuca;-;-;3;3
260770 Itapetim;1;-;-;1
260810 João Alfredo;1;-;-;1
260880 Lajedo;-;-;1;1
260960 Olinda;1;-;-;1
261090 Pesqueira;-;-;3;3
261160 Recife;8;-;14;22
261240 Sanharó;1;-;-;1
261300 São Bento do Una;2;-;-;2
261460 Tabira;-;-;1;1
261540 Toritama;-;-;1;1
261600 Venturosa;-;-;2;2
261620 Vertentes;-;-;1;1
261640 Vitória de Santo Antão;-;-;1;1
270030 Arapiraca;4;1;4;9
270320 Igreja Nova;1;-;-;1
270330 Inhapi;1;-;-;1
270430 Maceió;3;-;13;16
270440 Major Isidoro;-;-;1;1
270630 Palmeira dos Índios;1;-;1;2
270800 Santana do Ipanema;1;-;-;1
270860 São Miguel dos Campos;-;-;1;1
270880 São Sebastião;-;1;-;1
270930 União dos Palmares;-;1;-;1
280030 Aracaju;2;-;1;3
280290 Itabaiana;-;-;1;1
280300 Itabaianinha;1;-;-;1
280350 Lagarto;1;-;-;1
280460 Nossa Senhora das Dores;-;-;1;1
290070 Alagoinhas;-;-;1;1
290190 Aporá;-;-;1;1
290320 Barreiras;-;-;1;1
290410 Boquira;-;-;2;2
290420 Botuporã;-;-;1;1
290460 Brumado;-;-;1;1
290470 Buerarema;-;-;2;2
290520 Caetité;-;-;1;1
290540 Cairu;-;-;1;1
290980 Cruz das Almas;1;-;-;1
291060 Esplanada;1;-;-;1
291070 Euclides da Cunha;1;-;2;3
291080 Feira de Santana;2;-;5;7
291185 Heliópolis;-;-;1;1
291360 Ilhéus;4;-;2;6
291400 Ipirá;3;-;2;5
291470 Itaberaba;-;-;2;2
291480 Itabuna;-;-;1;1
291535 Itaguaçu da Bahia;-;-;1;1
291570 Itamari;-;-;1;1
291680 Itarantim;1;-;-;1
291800 Jequié;3;-;-;3
291980 Macaúbas;2;-;4;6
292130 Milagres;-;-;1;1
292150 Monte Santo;1;-;2;3
292340 Palmas de Monte Alto;-;-;1;1
292360 Paramirim;-;-;2;2
292450 Pindaí;1;-;-;1
292530 Porto Seguro;2;-;6;8
292690 Rio do Pires;1;-;1;2
292740 Salvador;4;-;18;22
293015 Serra do Ramalho;-;-;2;2
293135 Teixeira de Freitas;1;-;1;2
293230 Ubatã;-;-;1;1
293330 Vitória da Conquista;-;-;1;1
293360 Xique-Xique;-;-;2;2
310150 Além Paraíba;1;-;-;1
310160 Alfenas;2;-;2;4
310260 Andradas;1;-;1;2
310375 Araporã;-;-;1;1
310400 Araxá;-;-;1;1
310420 Arcos;1;-;1;2
310430 Areado;-;-;1;1
310490 Baependi;-;-;1;1
310560 Barbacena;-;1;-;1
310620 Belo Horizonte;10;-;10;20
310650 Berilo;-;-;1;1
310670 Betim;2;-;1;3
310710 Boa Esperança;1;-;-;1
310890 Brazópolis;-;-;1;1
310910 Bueno Brandão;1;-;-;1
310970 Cachoeira de Minas;-;-;1;1
311050 Camanducaia;-;-;2;2
311060 Cambuí;3;-;-;3
311070 Cambuquira;2;-;7;9
311130 Campo do Meio;1;-;-;1
311200 Candeias;-;-;1;1
311240 Capetinga;-;-;1;1
311400 Carmo da Mata;-;-;1;1
311430 Carmo do Paranaíba;-;-;1;1
311455 Carneirinho;1;-;2;3
311510 Cássia;-;-;3;3
311530 Cataguases;-;1;-;1
311640 Claraval;1;-;1;2
311730 Conceição das Alagoas;2;-;-;2
311770 Conceição do Rio Verde;-;-;1;1
311780 Conceição dos Ouros;3;-;1;4
311790 Congonhal;-;-;1;1
311860 Contagem;-;-;1;1
312120 Delfinópolis;3;-;3;6
312320 Dores do Indaiá;2;-;-;2
312410 Esmeraldas;1;-;-;1
312440 Espírito Santo do Dourado;1;-;1;2
312700 Fronteira;7;2;9;18
312710 Frutal;-;-;3;3
312738 Goianá;1;-;-;1
312740 Gonçalves;2;-;-;2
312870 Guaxupé;1;-;1;2
312970 Ibiraci;1;-;1;2
313010 Igarapé;-;-;1;1
313060 Inconfidentes;-;-;1;1
313230 Itaipé;1;-;-;1
313240 Itajubá;1;-;9;10
313310 Itanhandu;2;-;2;4
313360 Itapeva;-;-;1;1
313375 Itaú de Minas;1;-;-;1
313440 Iturama;-;-;2;2
313610 Joanésia;-;-;1;1
313670 Juiz de Fora;1;-;1;2
313720 Lagoa da Prata;1;-;1;2
313820 Lavras;1;-;4;5
313860 Lima Duarte;1;-;-;1
313862 Limeira do Oeste;2;-;-;2
313868 Luislândia;-;-;1;1
313900 Machado;1;1;1;3
314000 Mariana;1;-;-;1
314100 Mato Verde;-;-;1;1
314110 Matozinhos;-;-;1;1
314160 Mercês;1;-;-;1
314290 Monte Azul;-;-;1;1
314310 Monte Carmelo;-;-;1;1
314340 Monte Sião;-;1;5;6
314330 Montes Claros;-;-;1;1
314380 Munhoz;1;-;-;1
314390 Muriaé;-;-;2;2
314410 Muzambinho;3;-;2;5
314510 Nova Resende;-;1;-;1
314520 Nova Serrana;-;-;1;1
314550 Olímpio Noronha;1;-;-;1
314560 Oliveira;1;-;-;1
314600 Ouro Fino;1;-;1;2
314610 Ouro Preto;-;-;1;1
314710 Pará de Minas;-;-;1;1
314700 Paracatu;-;-;2;2
314730 Paraisópolis;1;-;1;2
314760 Passa Quatro;1;-;1;2
314790 Passos;2;-;3;5
314800 Patos de Minas;2;-;-;2
314810 Patrocínio;-;-;1;1
314870 Pedra Azul;-;-;1;1
315060 Piracema;1;-;-;1
315100 Piranguinho;-;-;1;1
315140 Pitangui;-;-;1;1
315150 Piumhi;-;1;-;1
315160 Planura;1;-;3;4
315180 Poços de Caldas;6;-;7;13
315250 Pouso Alegre;6;-;1;7
315280 Prata;1;-;-;1
315290 Pratápolis;-;-;1;1
315390 Raposos;-;-;1;1
315400 Raul Soares;2;-;-;2
315700 Salinas;-;-;1;1
315727 Santa Bárbara do Monte Verde;-;-;2;2
315765 Santa Helena de Minas;-;-;1;1
315990 Santo Antônio do Amparo;-;1;-;1
316200 São Gonçalo do Sapucaí;1;-;1;2
316220 São João Batista do Glória;-;-;1;1
316250 São João del Rei;-;-;1;1
316290 São João Nepomuceno;1;-;-;1
316320 São José do Alegre;1;-;-;1
316370 São Lourenço;2;-;-;2
316470 São Sebastião do Paraíso;1;-;-;1
316540 Sapucaí-Mirim;1;-;1;2
316650 Serra Azul de Minas;1;-;-;1
316720 Sete Lagoas;-;-;1;1
316860 Teófilo Otoni;1;-;1;2
316930 Três Corações;-;-;1;1
316990 Ubá;1;-;2;3
317010 Uberaba;5;-;6;11
317020 Uberlândia;4;2;7;13
317040 Unaí;1;-;1;2
317070 Varginha;-;-;1;1
317090 Varzelândia;1;-;-;1
317110 Veríssimo;-;-;1;1
317170 Virgínia;1;-;1;2
317210 Volta Grande;-;-;1;1
320130 Cariacica;-;-;1;1
320190 Domingos Martins;-;-;1;1
320240 Guarapari;-;-;1;1
320332 Marataízes;-;-;1;1
320350 Montanha;-;-;1;1
320410 Pinheiros;1;-;1;2
320490 São Mateus;-;-;1;1
320500 Serra;1;-;-;1
320520 Vila Velha;-;-;1;1
320530 Vitória;1;-;2;3
330010 Angra dos Reis;6;-;3;9
330023 Armação dos Búzios;1;-;-;1
330040 Barra Mansa;3;-;1;4
330070 Cabo Frio;1;-;-;1
330200 Itaguaí;-;-;1;1
330225 Itatiaia;-;-;2;2
330240 Macaé;1;-;-;1
330280 Mendes;-;-;1;1
330330 Niterói;-;-;1;1
330350 Nova Iguaçu;3;-;2;5
330380 Paraty;6;-;6;12
330390 Petrópolis;1;2;-;3
330420 Resende;27;-;12;39
330452 Rio das Ostras;-;-;1;1
330455 Rio de Janeiro;40;1;52;93
330460 Santa Maria Madalena;-;-;1;1
330555 Seropédica;-;-;1;1
330580 Teresópolis;-;-;1;1
330630 Volta Redonda;5;-;2;7
350010 Adamantina;8;131;1012;1151
350020 Adolfo;110;-;5;115
350030 Aguaí;286;26;2225;2537
350040 Águas da Prata;258;3;12;273
350050 Águas de Lindóia;9;3;91;103
350055 Águas de Santa Bárbara;5;1;14;20
350060 Águas de São Pedro;3;2;20;25
350070 Agudos;637;5;77;719
350075 Alambari;1;-;2;3
350080 Alfredo Marcondes;7;1;-;8
350090 Altair;56;1;6;63
350100 Altinópolis;70;-;5;75
350110 Alto Alegre;18;2;31;51
350115 Alumínio;82;-;74;156
350120 Álvares Florence;11;2;16;29
350130 Álvares Machado;20;7;165;192
350140 Álvaro de Carvalho;23;2;1;26
350150 Alvinlândia;1;1;-;2
350160 Americana;889;33;6528;7450
350170 Américo Brasiliense;93;10;579;682
350180 Américo de Campos;8;1;57;66
350190 Amparo;2152;48;4372;6572
350200 Analândia;46;-;3;49
350210 Andradina;45;70;1738;1853
350220 Angatuba;118;-;1;119
350230 Anhembi;64;-;47;111
350240 Anhumas;2;6;66;74
350250 Aparecida;681;14;915;1610
350260 Aparecida d'Oeste;77;2;89;168
350270 Apiaí;10;-;10;20
350275 Araçariguama;176;3;4;183
350280 Araçatuba;117;23;1608;1748
350290 Araçoiaba da Serra;40;2;38;80
350300 Aramina;-;-;1;1
350310 Arandu;1;1;4;6
350315 Arapeí;57;-;-;57
350320 Araraquara;2817;47;2117;4981
350330 Araras;385;77;2181;2643
350335 Arco-Íris;-;-;7;7
350340 Arealva;310;1;29;340
350350 Areias;-;-;3;3
350360 Areiópolis;33;5;434;472
350370 Ariranha;168;6;40;214
350380 Artur Nogueira;748;9;18;775
350390 Arujá;25;-;184;209
350395 Aspásia;8;-;22;30
350400 Assis;554;26;3983;4563
350410 Atibaia;734;6;274;1014
350420 Auriflama;175;8;12;195
350430 Avaí;8;4;364;376
350440 Avanhandava;65;4;-;69
350450 Avaré;12;2;202;216
350460 Bady Bassitt;73;34;304;411
350470 Balbinos;-;-;15;15
350480 Bálsamo;2;7;318;327
350490 Bananal;169;-;6;175
350500 Barão de Antonina;4;-;-;4
350510 Barbosa;117;3;2;122
350520 Bariri;80;3;44;127
350530 Barra Bonita;50;-;16;66
350540 Barra do Turvo;5;1;-;6
350550 Barretos;37;11;747;795
350560 Barrinha;4;4;10;18
350570 Barueri;138;30;1639;1807
350580 Bastos;1;55;412;468
350590 Batatais;10;2;548;560
350600 Bauru;2599;301;5782;8682
350610 Bebedouro;290;14;6029;6333
350620 Bento de Abreu;2;1;-;3
350630 Bernardino de Campos;59;-;-;59
350635 Bertioga;231;10;236;477
350640 Bilac;46;5;162;213
350650 Birigui;4491;70;38;4599
350660 Biritiba-Mirim;11;-;5;16
350670 Boa Esperança do Sul;107;-;1;108
350680 Bocaina;28;-;45;73
350690 Bofete;-;-;6;6
350700 Boituva;811;4;38;853
350710 Bom Jesus dos Perdões;71;5;216;292
350720 Borá;6;-;1;7
350730 Boracéia;-;1;19;20
350740 Borborema;38;11;521;570
350745 Borebi;-;-;1;1
350750 Botucatu;7;19;677;703
350760 Bragança Paulista;62;25;486;573
350770 Braúna;21;2;139;162
350775 Brejo Alegre;9;-;-;9
350780 Brodowski;224;1;59;284
350790 Brotas;18;4;249;271
350800 Buri;20;4;195;219
350810 Buritama;28;1;816;845
350820 Buritizal;-;1;-;1
350830 Cabrália Paulista;68;4;39;111
350840 Cabreúva;5;-;123;128
350850 Caçapava;41;3;890;934
350860 Cachoeira Paulista;346;3;32;381
350870 Caconde;2;2;81;85
350880 Cafelândia;219;1;3;223
350890 Caiabu;11;1;1;13
350900 Caieiras;270;3;13;286
350910 Caiuá;3;-;11;14
350920 Cajamar;2942;-;14;2956
350925 Cajati;5;-;7;12
350930 Cajobi;4;7;128;139
350940 Cajuru;94;39;686;819
350945 Campina do Monte Alegre;1;-;1;2
350950 Campinas;55211;190;4254;59655
350960 Campo Limpo Paulista;401;3;19;423
350970 Campos do Jordão;3;-;3;6
350980 Campos Novos Paulista;23;-;8;31
350990 Cananéia;1;3;28;32
350995 Canas;24;-;3;27
351000 Cândido Mota;891;27;3283;4201
351010 Cândido Rodrigues;21;-;1;22
351015 Canitar;-;-;8;8
351020 Capão Bonito;2;1;67;70
351030 Capela do Alto;2;-;8;10
351040 Capivari;51;14;1067;1132
351050 Caraguatatuba;777;32;1576;2385
351060 Carapicuíba;474;73;1810;2357
351070 Cardoso;3;9;35;47
351080 Casa Branca;16;17;770;803
351100 Castilho;8;15;550;573
351110 Catanduva;5992;448;4634;11074
351120 Catiguá;176;12;10;198
351130 Cedral;16;28;376;420
351140 Cerqueira César;1;4;7;12
351150 Cerquilho;25;5;152;182
351160 Cesário Lange;11;-;5;16
351170 Charqueada;27;4;29;60
355720 Chavantes;6;21;52;79
351190 Clementina;16;-;6;22
351200 Colina;29;10;542;581
351210 Colômbia;198;-;1;199
351220 Conchal;636;23;1388;2047
351230 Conchas;22;11;800;833
351240 Cordeirópolis;4;4;626;634
351250 Coroados;8;1;39;48
351260 Coronel Macedo;1;-;5;6
351270 Corumbataí;104;1;14;119
351280 Cosmópolis;120;5;25;150
351290 Cosmorama;38;-;34;72
351300 Cotia;1063;10;238;1311
351310 Cravinhos;1;-;102;103
351320 Cristais Paulista;1;-;2;3
351330 Cruzália;86;-;-;86
351340 Cruzeiro;220;-;13;233
351350 Cubatão;19;16;174;209
351360 Cunha;4;-;4;8
351370 Descalvado;1027;2;201;1230
351380 Diadema;904;59;1331;2294
351385 Dirce Reis;18;-;15;33
351390 Divinolândia;1;-;-;1
351400 Dobrada;46;-;-;46
351410 Dois Córregos;6;26;377;409
351420 Dolcinópolis;104;-;1;105
351430 Dourado;4;-;6;10
351440 Dracena;217;23;966;1206
351450 Duartina;3;3;54;60
351460 Dumont;1;3;211;215
351470 Echaporã;2;2;57;61
351480 Eldorado;-;1;-;1
351490 Elias Fausto;809;2;21;832
351492 Elisiário;107;1;10;118
351495 Embaúba;78;2;3;83
351500 Embu das Artes;112;9;778;899
351510 Embu-Guaçu;27;-;7;34
351512 Emilianópolis;-;1;-;1
351515 Engenheiro Coelho;69;2;435;506
351518 Espírito Santo do Pinhal;11;90;1316;1417
351519 Espírito Santo do Turvo;5;-;9;14
355730 Estiva Gerbi;4;-;1;5
351520 Estrela d'Oeste;1043;16;322;1381
351530 Estrela do Norte;1;1;2;4
351535 Euclides da Cunha Paulista;-;-;3;3
351540 Fartura;3;7;131;141
351560 Fernando Prestes;6;1;6;13
351550 Fernandópolis;62;53;1034;1149
351565 Fernão;1;-;2;3
351570 Ferraz de Vasconcelos;454;7;194;655
351580 Flora Rica;4;-;2;6
351590 Floreal;8;1;9;18
351600 Flórida Paulista;64;122;555;741
351610 Florínia;4;-;48;52
351620 Franca;45;32;1701;1778
351630 Francisco Morato;219;11;742;972
351640 Franco da Rocha;96;5;569;670
351650 Gabriel Monteiro;1;-;2;3
351660 Gália;25;10;253;288
351670 Garça;274;31;1103;1408
351680 Gastão Vidigal;16;1;5;22
351685 Gavião Peixoto;-;-;5;5
351690 General Salgado;26;3;1;30
351700 Getulina;749;1;9;759
351710 Glicério;30;8;126;164
351720 Guaiçara;401;5;5;411
351730 Guaimbê;574;2;19;595
351740 Guaíra;12;46;1285;1343
351750 Guapiaçu;32;5;77;114
351760 Guapiara;-;-;1;1
351770 Guará;170;-;4;174
351780 Guaraçaí;10;5;83;98
351790 Guaraci;106;8;11;125
351800 Guarani d'Oeste;3;-;15;18
351810 Guarantã;261;4;1;266
351820 Guararapes;52;129;2347;2528
351830 Guararema;145;1;33;179
351840 Guaratinguetá;230;22;826;1078
351850 Guareí;3;-;1;4
351860 Guariba;347;6;144;497
351870 Guarujá;113;64;1178;1355
351880 Guarulhos;5044;268;18946;24258
351885 Guatapará;109;-;8;117
351890 Guzolândia;76;3;13;92
351900 Herculândia;4;11;95;110
351905 Holambra;15;4;216;235
351907 Hortolândia;988;24;4846;5858
351910 Iacanga;70;1;38;109
351920 Iacri;26;-;58;84
351925 Iaras;1;-;2;3
351930 Ibaté;11;6;593;610
351940 Ibirá;399;5;16;420
351950 Ibirarema;9;2;234;245
351960 Ibitinga;83;2;718;803
351970 Ibiúna;23;-;4;27
351980 Icém;12;12;219;243
351990 Iepê;20;-;70;90
352000 Igaraçu do Tietê;-;1;3;4
352010 Igarapava;4;-;1;5
352020 Igaratá;10;3;87;100
352030 Iguape;139;7;50;196
352042 Ilha Comprida;218;2;8;228
352044 Ilha Solteira;438;9;181;628
352040 Ilhabela;87;3;826;916
352050 Indaiatuba;1880;3;85;1968
352060 Indiana;1;1;41;43
352070 Indiaporã;3;1;5;9
352080 Inúbia Paulista;13;10;146;169
352090 Ipaussu;80;15;214;309
352100 Iperó;719;11;1334;2064
352110 Ipeúna;19;1;157;177
352115 Ipiguá;90;4;37;131
352120 Iporanga;-;-;1;1
352130 Ipuã;2;-;44;46
352140 Iracemápolis;11;3;526;540
352150 Irapuã;136;2;4;142
352160 Irapuru;16;-;49;65
352170 Itaberá;-;1;17;18
352180 Itaí;28;-;35;63
352190 Itajobi;27;1;65;93
352200 Itaju;3;-;-;3
352210 Itanhaém;3863;122;229;4214
352215 Itaóca;-;1;-;1
352220 Itapecerica da Serra;632;6;737;1375
352230 Itapetininga;347;-;75;422
352240 Itapeva;166;-;12;178
352250 Itapevi;399;137;1588;2124
352260 Itapira;1110;51;3419;4580
352270 Itápolis;27;32;758;817
352280 Itaporanga;32;-;2;34
352290 Itapuí;7;10;124;141
352300 Itapura;84;3;7;94
352310 Itaquaquecetuba;294;22;815;1131
352320 Itararé;-;3;11;14
352330 Itariri;568;8;12;588
352340 Itatiba;112;1;12;125
352350 Itatinga;1;2;5;8
352360 Itirapina;140;7;450;597
352370 Itirapuã;26;-;2;28
352380 Itobi;78;1;2;81
352390 Itu;122;11;1225;1358
352400 Itupeva;155;-;6;161
352410 Ituverava;80;1;21;102
352420 Jaborandi;40;-;2;42
352430 Jaboticabal;133;1;61;195
352440 Jacareí;680;19;2567;3266
352450 Jaci;45;14;145;204
352460 Jacupiranga;40;3;8;51
352470 Jaguariúna;1102;-;16;1118
352480 Jales;3178;8;165;3351
352490 Jambeiro;11;-;4;15
352500 Jandira;1115;18;83;1216
352510 Jardinópolis;261;-;15;276
352520 Jarinu;4;-;23;27
352530 Jaú;151;4;85;240
352540 Jeriquara;2;-;2;4
352550 Joanópolis;-;1;3;4
352560 João Ramalho;33;3;2;38
352570 José Bonifácio;13;116;468;597
352580 Júlio Mesquita;2;6;291;299
352585 Jumirim;3;-;-;3
352590 Jundiaí;3645;2;145;3792
352600 Junqueirópolis;7;31;551;589
352610 Juquiá;46;1;5;52
352620 Juquitiba;15;-;4;19
352640 Laranjal Paulista;146;-;2;148
352650 Lavínia;131;2;15;148
352660 Lavrinhas;5;-;1;6
352670 Leme;6;5;179;190
352680 Lençóis Paulista;19;6;384;409
352690 Limeira;7395;103;12025;19523
352700 Lindóia;10;4;21;35
352710 Lins;616;15;1130;1761
352720 Lorena;1302;15;356;1673
352725 Lourdes;20;-;-;20
352730 Louveira;351;1;4;356
352740 Lucélia;57;24;199;280
352750 Lucianópolis;-;-;7;7
352760 Luís Antônio;137;-;5;142
352770 Luiziânia;35;1;10;46
352780 Lupércio;35;1;2;38
352790 Lutécia;49;1;3;53
352800 Macatuba;4;5;85;94
352810 Macaubal;1;7;38;46
352820 Macedônia;4;1;26;31
352830 Magda;-;3;35;38
352840 Mairinque;55;4;138;197
352850 Mairiporã;1;1;189;191
352860 Manduri;1;1;-;2
352870 Marabá Paulista;7;1;4;12
352880 Maracaí;457;6;54;517
352885 Marapoama;4;3;45;52
352890 Mariápolis;2;4;150;156
352900 Marília;1154;503;16629;18286
352910 Marinópolis;1;3;19;23
352920 Martinópolis;2;9;79;90
352930 Matão;55;11;635;701
352940 Mauá;162;14;309;485
352950 Mendonça;330;5;9;344
352960 Meridiano;3;3;59;65
352965 Mesópolis;49;2;4;55
352970 Miguelópolis;11;-;2;13
352980 Mineiros do Tietê;4;1;21;26
353000 Mira Estrela;32;-;1;33
352990 Miracatu;517;3;11;531
353010 Mirandópolis;84;14;428;526
353020 Mirante do Paranapanema;8;11;85;104
353030 Mirassol;3;23;420;446
353040 Mirassolândia;83;4;11;98
353050 Mococa;143;48;3180;3371
353060 Mogi das Cruzes;42;4;727;773
353070 Mogi Guaçu;1043;82;7701;8826
353080 Mogi Mirim;43;10;125;178
353090 Mombuca;20;-;2;22
353100 Monções;49;2;6;57
353110 Mongaguá;621;25;287;933
353120 Monte Alegre do Sul;16;-;6;22
353130 Monte Alto;260;-;5;265
353140 Monte Aprazível;20;75;503;598
353150 Monte Azul Paulista;101;9;268;378
353160 Monte Castelo;2;-;10;12
353180 Monte Mor;806;6;22;834
353170 Monteiro Lobato;-;-;1;1
353190 Morro Agudo;68;1;4;73
353200 Morungaba;14;-;2;16
353205 Motuca;4;1;-;5
353210 Murutinga do Sul;86;3;7;96
353215 Nantes;3;-;10;13
353220 Narandiba;13;-;2;15
353230 Natividade da Serra;4;-;1;5
353240 Nazaré Paulista;2;-;2;4
353250 Neves Paulista;738;25;20;783
353260 Nhandeara;2;3;66;71
353270 Nipoã;129;1;4;134
353280 Nova Aliança;4;2;116;122
353284 Nova Canaã Paulista;280;1;4;285
353290 Nova Europa;2;-;1;3
353300 Nova Granada;2;12;112;126
353310 Nova Guataporanga;10;-;56;66
353320 Nova Independência;51;-;4;55
353330 Nova Luzitânia;2;-;9;11
353340 Nova Odessa;51;8;1757;1816
353325 Novais;46;3;2;51
353350 Novo Horizonte;133;3;157;293
353360 Nuporanga;4;3;171;178
353370 Ocauçu;7;1;19;27
353390 Olímpia;485;2;18;505
353400 Onda Verde;484;10;226;720
353410 Oriente;24;6;154;184
353420 Orindiúva;8;-;100;108
353430 Orlândia;44;3;388;435
353440 Osasco;449;31;437;917
353450 Oscar Bressane;1;-;29;30
353460 Osvaldo Cruz;22;65;755;842
353470 Ourinhos;885;92;5306;6283
353480 Ouro Verde;133;1;1;135
353475 Ouroeste;231;-;15;246
353490 Pacaembu;14;2;151;167
353500 Palestina;262;5;3;270
353510 Palmares Paulista;105;9;306;420
353520 Palmeira d'Oeste;10;1;13;24
353530 Palmital;10;6;411;427
353540 Panorama;15;7;125;147
353550 Paraguaçu Paulista;1534;50;2793;4377
353560 Paraibuna;34;1;43;78
353570 Paraíso;7;3;47;57
353580 Paranapanema;67;1;8;76
353590 Paranapuã;33;1;2;36
353600 Parapuã;64;83;302;449
353610 Pardinho;10;-;2;12
353620 Pariquera-Açu;20;2;107;129
353625 Parisi;11;1;21;33
353630 Patrocínio Paulista;-;-;6;6
353640 Paulicéia;7;1;11;19
353650 Paulínia;2037;17;351;2405
353657 Paulistânia;13;-;4;17
353660 Paulo de Faria;24;5;88;117
353670 Pederneiras;169;59;465;693
353690 Pedranópolis;1;1;26;28
353700 Pedregulho;3;1;27;31
353710 Pedreira;290;1;12;303
353715 Pedrinhas Paulista;39;-;17;56
353720 Pedro de Toledo;172;-;3;175
353730 Penápolis;339;129;2472;2940
353740 Pereira Barreto;115;5;239;359
353750 Pereiras;8;-;2;10
353760 Peruíbe;2219;31;169;2419
353770 Piacatu;9;1;-;10
353780 Piedade;51;-;9;60
353790 Pilar do Sul;1;-;12;13
353800 Pindamonhangaba;114;2;837;953
353810 Pindorama;72;16;45;133
353820 Pinhalzinho;1;1;1;3
353830 Piquerobi;1;-;1;2
353850 Piquete;5;-;97;102
353860 Piracaia;66;5;217;288
353870 Piracicaba;837;33;2922;3792
353880 Piraju;2;3;56;61
353890 Pirajuí;1497;2;19;1518
353900 Pirangi;162;37;738;937
353910 Pirapora do Bom Jesus;52;-;28;80
353920 Pirapozinho;1504;39;36;1579
353930 Pirassununga;3465;28;886;4379
353940 Piratininga;245;7;152;404
353950 Pitangueiras;192;-;39;231
353960 Planalto;222;6;33;261
353970 Platina;9;-;1;10
353980 Poá;116;1;69;186
353990 Poloni;4;-;31;35
354000 Pompéia;307;5;124;436
354010 Pongaí;26;-;4;30
354020 Pontal;51;5;171;227
354025 Pontalinda;7;-;65;72
354030 Pontes Gestal;23;3;38;64
354040 Populina;14;5;88;107
354050 Porangaba;4;-;17;21
354060 Porto Feliz;642;2;16;660
354070 Porto Ferreira;1947;34;2475;4456
354075 Potim;46;4;842;892
354080 Potirendaba;2;8;140;150
354085 Pracinha;-;1;24;25
354090 Pradópolis;18;-;33;51
354100 Praia Grande;189;97;3366;3652
354105 Pratânia;2;1;3;6
354110 Presidente Alves;15;1;4;20
354120 Presidente Bernardes;33;11;49;93
354130 Presidente Epitácio;160;4;91;255
354140 Presidente Prudente;256;319;2868;3443
354150 Presidente Venceslau;37;198;345;580
354160 Promissão;22;12;385;419
354170 Quatá;199;9;125;333
354180 Queiroz;1;2;55;58
354190 Queluz;35;3;276;314
354200 Quintana;5;-;1;6
354210 Rafard;5;4;172;181
354220 Rancharia;343;13;55;411
354230 Redenção da Serra;2;-;3;5
354240 Regente Feijó;1;17;76;94
354250 Reginópolis;1;1;4;6
354260 Registro;17;14;304;335
354270 Restinga;11;-;45;56
354280 Ribeira;1;-;-;1
354290 Ribeirão Bonito;56;1;237;294
354310 Ribeirão Corrente;18;-;-;18
354320 Ribeirão do Sul;13;2;46;61
354323 Ribeirão dos Índios;3;11;25;39
354325 Ribeirão Grande;1;-;1;2
354330 Ribeirão Pires;23;1;4;28
354340 Ribeirão Preto;2208;87;2838;5133
354360 Rifaina;127;4;36;167
354370 Rincão;105;-;2;107
354380 Rinópolis;17;7;328;352
354390 Rio Claro;3580;116;18227;21923
354400 Rio das Pedras;8;17;352;377
354420 Riolândia;6;3;176;185
354425 Rosana;99;27;429;555
354430 Roseira;35;2;20;57
354440 Rubiácea;113;4;6;123
354450 Rubinéia;23;3;25;51
354460 Sabino;107;2;1;110
354470 Sagres;18;3;21;42
354480 Sales;346;3;31;380
354490 Sales Oliveira;3;-;13;16
354500 Salesópolis;4;2;8;14
354510 Salmourão;3;6;82;91
354515 Saltinho;32;1;4;37
354520 Salto;117;14;1305;1436
354530 Salto de Pirapora;1715;37;101;1853
354540 Salto Grande;5;13;47;65
354550 Sandovalina;10;-;13;23
354560 Santa Adélia;182;38;119;339
354570 Santa Albertina;35;-;201;236
354580 Santa Bárbara d'Oeste;1905;6;321;2232
354600 Santa Branca;2;2;21;25
354610 Santa Clara d'Oeste;8;1;17;26
354620 Santa Cruz da Conceição;9;1;11;21
354625 Santa Cruz da Esperança;2;1;15;18
354630 Santa Cruz das Palmeiras;18;4;855;877
354640 Santa Cruz do Rio Pardo;668;2;2;672
354650 Santa Ernestina;187;-;-;187
354660 Santa Fé do Sul;30;20;467;517
354670 Santa Gertrudes;4;1;201;206
354680 Santa Isabel;162;6;41;209
354690 Santa Lúcia;2;-;91;93
354700 Santa Maria da Serra;18;-;1;19
354710 Santa Mercedes;80;1;2;83
354740 Santa Rita d'Oeste;13;5;145;163
354750 Santa Rita do Passa Quatro;733;3;5;741
354760 Santa Rosa de Viterbo;79;3;-;82
354765 Santa Salete;2;-;3;5
354720 Santana da Ponte Pensa;16;-;1;17
354730 Santana de Parnaíba;755;7;95;857
354770 Santo Anastácio;20;34;105;159
354780 Santo André;845;28;594;1467
354790 Santo Antônio da Alegria;7;1;1;9
354800 Santo Antônio de Posse;2780;12;401;3193
354805 Santo Antônio do Aracanguá;3;-;66;69
354810 Santo Antônio do Jardim;1;2;61;64
354820 Santo Antônio do Pinhal;-;-;1;1
354830 Santo Expedito;4;1;-;5
354840 Santópolis do Aguapeí;21;-;-;21
354850 Santos;478;98;3164;3740
354860 São Bento do Sapucaí;2;-;8;10
354870 São Bernardo do Campo;377;161;2344;2882
354880 São Caetano do Sul;113;14;247;374
354890 São Carlos;3058;18;1810;4886
354900 São Francisco;20;1;-;21
354910 São João da Boa Vista;164;73;5294;5531
354920 São João das Duas Pontes;45;10;86;141
354925 São João de Iracema;1;1;-;2
354930 São João do Pau d'Alho;6;-;7;13
354940 São Joaquim da Barra;172;2;662;836
354950 São José da Bela Vista;29;1;8;38
354960 São José do Barreiro;10;3;62;75
354970 São José do Rio Pardo;379;27;614;1020
354980 São José do Rio Preto;18412;313;4079;22804
354990 São José dos Campos;4121;52;10405;14578
354995 São Lourenço da Serra;3;-;8;11
355000 São Luís do Paraitinga;4;-;-;4
355010 São Manuel;2;6;328;336
355020 São Miguel Arcanjo;4;1;17;22
355030 São Paulo;19051;1297;24244;44592
355040 São Pedro;284;10;62;356
355050 São Pedro do Turvo;127;16;91;234
355060 São Roque;478;2;40;520
355070 São Sebastião;4530;18;253;4801
355080 São Sebastião da Grama;13;-;1;14
355090 São Simão;284;-;4;288
355100 São Vicente;367;49;294;710
355110 Sarapuí;40;-;1;41
355120 Sarutaiá;2;-;1;3
355130 Sebastianópolis do Sul;7;1;3;11
355140 Serra Azul;30;-;147;177
355160 Serra Negra;126;-;7;133
355150 Serrana;58;6;332;396
355170 Sertãozinho;79;14;869;962
355180 Sete Barras;1;-;6;7
355190 Severínia;16;4;160;180
355200 Silveiras;6;-;1;7
355210 Socorro;116;3;384;503
355220 Sorocaba;24204;965;32305;57474
355230 Sud Mennucci;306;2;4;312
355240 Sumaré;12672;60;1316;14048
355255 Suzanápolis;126;1;31;158
355250 Suzano;213;2;179;394
355260 Tabapuã;277;38;375;690
355270 Tabatinga;7;22;290;319
355280 Taboão da Serra;1715;24;991;2730
355290 Taciba;5;-;2;7
355300 Taguaí;1;-;19;20
355310 Taiaçu;80;-;2;82
355320 Taiúva;28;-;35;63
355330 Tambaú;313;32;1367;1712
355340 Tanabi;12;37;1737;1786
355350 Tapiraí;2;-;-;2
355360 Tapiratiba;198;1;59;258
355365 Taquaral;3;1;13;17
355370 Taquaritinga;495;-;6;501
355380 Taquarituba;9;11;25;45
355390 Tarabai;2;1;38;41
355395 Tarumã;243;38;26;307
355400 Tatuí;15;3;444;462
355410 Taubaté;39;24;2471;2534
355430 Teodoro Sampaio;68;16;30;114
355440 Terra Roxa;106;1;2;109
355450 Tietê;247;3;10;260
355460 Timburi;-;1;-;1
355465 Torre de Pedra;1;-;-;1
355470 Torrinha;6;12;8;26
355475 Trabiju;15;2;124;141
355480 Tremembé;197;8;99;304
355490 Três Fronteiras;20;8;143;171
355495 Tuiuti;9;-;3;12
355500 Tupã;10;160;2246;2416
355510 Tupi Paulista;177;38;472;687
355520 Turiúba;77;1;4;82
355530 Turmalina;31;-;9;40
355535 Ubarana;221;2;10;233
355540 Ubatuba;2175;10;167;2352
355550 Ubirajara;6;4;122;132
355560 Uchoa;259;7;126;392
355570 União Paulista;-;-;3;3
355580 Urânia;797;4;23;824
355590 Uru;23;-;2;25
355600 Urupês;10;4;24;38
355610 Valentim Gentil;16;2;105;123
355620 Valinhos;312;17;794;1123
355630 Valparaíso;5;22;386;413
355635 Vargem;1;1;1;3
355640 Vargem Grande do Sul;9;23;731;763
355645 Vargem Grande Paulista;53;-;37;90
355650 Várzea Paulista;1596;4;41;1641
355660 Vera Cruz;195;5;182;382
355670 Vinhedo;43;4;919;966
355680 Viradouro;1;1;188;190
355690 Vista Alegre do Alto;7;3;108;118
355695 Vitória Brasil;8;-;43;51
355700 Votorantim;703;14;878;1595
355710 Votuporanga;8;21;1306;1335
355715 Zacarias;157;1;8;166
410010 Abatiá;-;-;2;2
410140 Apucarana;1;-;-;1
410210 Astorga;1;-;-;1
410240 Bandeirantes;-;-;3;3
410250 Barbosa Ferraz;1;-;-;1
410360 Cambará;-;-;1;1
410430 Campo Mourão;1;-;-;1
410470 Carlópolis;-;-;1;1
410480 Cascavel;1;-;1;2
410490 Castro;1;-;-;1
410510 Centenário do Sul;-;-;1;1
410550 Cianorte;-;-;1;1
410590 Colorado;-;-;1;1
410670 Cruzeiro do Sul;-;-;1;1
410690 Curitiba;3;-;7;10
410830 Foz do Iguaçu;-;-;3;3
410880 Guaíra;-;-;1;1
410960 Guaratuba;-;-;1;1
411100 Itambaracá;-;-;1;1
411110 Itambé;-;-;1;1
411170 Jaboti;-;-;1;1
411180 Jacarezinho;-;-;1;1
411200 Jaguariaíva;-;-;1;1
411270 Jataizinho;-;-;1;1
411350 Loanda;-;-;1;1
411370 Londrina;6;-;6;12
411470 Maria Helena;-;-;1;1
411480 Marialva;-;-;1;1
411520 Maringá;4;-;5;9
411690 Nova Esperança;-;-;1;1
411840 Paranavaí;-;-;1;1
412000 Porecatu;-;-;1;1
412060 Prudentópolis;-;1;-;1
412180 Ribeirão Claro;1;-;-;1
412240 Rolândia;-;-;2;2
412310 Santa Amélia;1;-;-;1
412390 Santa Mariana;1;-;-;1
412410 Santo Antônio da Platina;2;-;-;2
412490 São João do Caiuá;1;-;2;3
412590 São Pedro do Paraná;-;1;-;1
412660 Siqueira Campos;-;-;1;1
412710 Telêmaco Borba;1;-;-;1
412730 Terra Rica;1;-;1;2
412740 Terra Roxa;-;-;2;2
412810 Umuarama;-;-;1;1
420200 Balneário Camboriú;1;-;2;3
420209 Barra Bonita;-;-;1;1
420320 Camboriú;-;-;3;3
420460 Criciúma;-;-;1;1
420540 Florianópolis;4;-;4;8
420820 Itajaí;-;-;3;3
420910 Joinville;-;-;1;1
431020 Ijuí;1;-;-;1
500020 Água Clara;3;-;1;4
500070 Anastácio;-;-;1;1
500100 Aparecida do Taboado;3;-;3;6
500110 Aquidauana;1;-;1;2
500190 Bataguassu;1;1;4;6
500220 Bonito;1;1;1;3
500230 Brasilândia;4;1;4;9
500240 Caarapó;1;-;-;1
500270 Campo Grande;6;1;15;22
500290 Cassilândia;1;-;2;3
500295 Chapadão do Sul;1;-;1;2
500320 Corumbá;-;-;1;1
500325 Costa Rica;1;2;-;3
500330 Coxim;1;-;-;1
500370 Dourados;3;-;7;10
500400 Glória de Dourados;2;-;-;2
500440 Inocência;1;-;-;1
500460 Itaquiraí;-;-;3;3
500500 Jardim;-;-;1;1
500540 Maracaju;1;-;1;2
500570 Naviraí;-;1;-;1
500600 Nova Alvorada do Sul;1;-;1;2
500620 Nova Andradina;1;-;1;2
500630 Paranaíba;-;-;1;1
500660 Ponta Porã;-;-;3;3
500690 Porto Murtinho;-;-;1;1
500710 Ribas do Rio Pardo;1;1;1;3
500755 Santa Rita do Pardo;1;-;-;1
500780 Selvíria;1;-;1;2
500770 Sete Quedas;1;-;-;1
500830 Três Lagoas;6;-;14;20
510190 Brasnorte;-;-;1;1
510260 Campinápolis;1;-;-;1
510340 Cuiabá;5;-;5;10
510480 Jaciara;-;-;1;1
510562 Mirassol d'Oeste;1;-;-;1
510625 Nova Xavantina;-;-;1;1
510637 Pedra Preta;-;1;1;2
510682 Porto Esperidião;-;-;1;1
510706 Querência;-;-;1;1
510760 Rondonópolis;-;-;2;2
510777 Santa Terezinha;-;-;1;1
510790 Sinop;1;-;-;1
520110 Anápolis;1;-;1;2
520350 Bom Jesus de Goiás;1;-;-;1
520450 Caldas Novas;4;-;11;15
520510 Catalão;1;-;-;1
520547 Chapadão do Céu;-;-;1;1
520725 Doverlândia;-;-;1;1
520800 Formosa;-;-;1;1
520860 Goianésia;-;-;2;2
520870 Goiânia;11;-;16;27
520890 Goiás;2;-;2;4
521150 Itumbiara;-;-;1;1
521190 Jataí;-;-;1;1
521380 Morrinhos;-;-;1;1
521405 Mundo Novo;-;-;1;1
521570 Palmeiras de Goiás;1;-;-;1
521630 Paranaiguara;-;-;1;1
521730 Pirenópolis;1;-;1;2
521810 Portelândia;-;-;1;1
521850 Quirinópolis;-;-;2;2
521880 Rio Verde;-;-;1;1
521890 Rubiataba;-;-;1;1
521971 Santo Antônio da Barra;-;-;1;1
522045 Senador Canedo;-;-;1;1
522140 Trindade;3;-;2;5
522205 Vicentinópolis;-;-;1;1
530010 Brasília;2;-;4;6
000000 Ignorado ou exterior;67631;1217;20800;89648
000000 Total;360167;12558;377235;749960
